782 5 npath, nlev, (ix,iy), (jx,jy), length, elevtn, depth, (width1, width2, ... wodth_nlev), (lon,lat))
      183       21      182       22      6703.25        38.40     -9999.00         0.00         0.00         0.00       112.28      1174.44     47.775     -0.225 
      186       24      185       24      6708.79        33.10     -9999.00         0.00         0.00         0.00         0.00       335.43     47.625     -0.075 
      184       28      183       27      6717.06        20.60     -9999.00         0.00         0.00         0.00         0.00        55.78     47.425     -0.175 
      183       29      183       28      6719.28        19.60     -9999.00         0.00         0.00      3359.64       558.79         0.00     47.375     -0.225 
      171       29      170       28      6719.28         9.50     -9999.00         0.00         0.00         0.00         0.00       223.72     47.375     -0.825 
      168       28      169       28      6717.06        10.10         0.50        56.13         0.00        56.13      1456.36      1285.65     47.425     -0.975 
      170       29      169       29      6719.28         9.00     -9999.00         0.00         0.00         0.00        56.13       784.14     47.375     -0.875 
      183       29      182       29      6719.28        19.60     -9999.00         0.00         0.00        55.92      1397.99      2461.65     47.375     -0.225 
      184       29      183       29      6719.28        19.90     -9999.00         0.00         0.00       614.86      2741.73      1006.55     47.375     -0.175 
      168       28      168       29      6717.06        10.10     -9999.00         0.00         0.00       111.82       670.59       446.95     47.425     -0.975 
      167       28      168       29      6717.06         8.50     -9999.00         0.00         0.00       224.54       560.34       391.48     47.425     -1.025 
      167       28      167       29      6717.06         8.50         1.13       112.27         0.00       503.65       559.78       223.76     47.425     -1.025 
      165       30      164       29      6720.87         6.90     -9999.00         0.00         0.00         0.00        55.81       670.99     47.325     -1.125 
      165       29      165       30      6719.28         7.40     -9999.00         0.00         0.00         0.00        55.92       167.97     47.375     -1.125 
      166       30      165       30      6720.87         8.30     -9999.00         0.00       111.84      2014.42       391.89       111.73     47.325     -1.075 
      185       30      183       29      6720.87        21.50     -9999.00         0.00       224.12      2124.81      1621.19       279.86     47.325     -0.125 
      183       29      183       30      6719.28        19.60         1.87       223.46         0.00         0.00         0.00         0.00     47.375     -0.225 
      183       29      184       30      6719.28        19.60     -9999.00         0.00         0.00         0.00         0.00       279.62     47.375     -0.225 
      185       30      184       30      6720.87        21.50     -9999.00         0.00         0.00         0.00       559.39       559.05     47.325     -0.125 
      149       30      150       31      6720.87         1.60     -9999.00         0.00         0.00       839.31       336.23       111.97     47.325     -1.925 
      160       31      160       30      6722.67         3.50     -9999.00         0.00         0.00         0.00       223.99      3361.34     47.275     -1.375 
      160       31      161       30      6722.67         3.50     -9999.00         0.00         0.00         0.00         0.00       223.97     47.275     -1.375 
      150       32      150       33      6724.69         1.60     -9999.00         0.00       559.92      3362.35      1063.32       112.03     47.225     -1.875 
      161       33      161       32      6727.18         6.60     -9999.00         0.00         0.00         0.00         0.00       391.54     47.175     -1.325 
      182       34      183       34      6728.55        53.50     -9999.00         0.00         0.00         0.00         0.00       280.37     47.125     -0.275 
      150       38      151       39      6736.48        10.80     -9999.00         0.00         0.00         0.00         0.00       112.79     46.925     -1.875 
      148       39      147       39      6738.99         1.50     -9999.00         0.00         0.00         0.00         0.00       617.82     46.875     -1.975 
      147       40      147       39      6740.59         1.00     -9999.00         0.00         0.00         0.00         0.00       448.96     46.825     -2.025 
      147       40      146       39      6740.59         1.00     -9999.00         0.00       953.48       897.49       336.59       112.02     46.825     -2.025 
      146       39      146       40      6738.99         1.00     -9999.00         0.00      1009.24      1962.24         0.00         0.00     46.875     -2.075 
      151       40      149       40      6740.59         5.50     -9999.00         0.00         0.00        55.97       560.31        56.41     46.825     -1.825 
      151       40      150       39      6740.59         5.50     -9999.00         0.00         0.00         0.00       617.05       505.24     46.825     -1.825 
      150       40      149       40      6740.59         1.00     -9999.00         0.00       280.18      1569.94       280.18      1232.41     46.825     -1.875 
      150       40      148       40      6740.59         1.00     -9999.00         0.00       450.97      1291.50         0.00         0.00     46.825     -1.875 
      148       40      148       41      6740.59         1.00     -9999.00         0.00       728.37      3370.29         0.00         0.00     46.825     -1.975 
      147       40      148       41      6740.59         1.00     -9999.00         0.00      1402.79      1123.28         0.00         0.00     46.825     -2.025 
      147       40      147       41      6740.59         1.00     -9999.00         0.00      1851.01       448.53         0.00         0.00     46.825     -2.025 
      150       42      150       41      6744.26         1.10     -9999.00         0.00         0.00         0.00       168.31       112.10     46.725     -1.875 
      148       42      149       42      6744.26         0.80     -9999.00         0.00        56.00         0.00       112.33       168.11     46.725     -1.975 
      167       47      166       48      6754.82         2.20     -9999.00         0.00       168.47       786.57       337.26       280.63     46.475     -1.025 
      167       48      166       48      6756.24         1.80     -9999.00         0.00         0.00      2304.98         0.00         0.00     46.425     -1.025 
      166       48      167       49      6756.24         1.70     -9999.00         0.00      3378.12      2025.15       168.39         0.00     46.425     -1.075 
      167       48      167       49      6756.24         1.80     -9999.00         0.00        56.09         0.00         0.00         0.00     46.425     -1.025 
      168       48      167       49      6756.24         1.70     -9999.00         0.00      3378.12      2361.50        56.21        56.21     46.425     -0.975 
      161       48      160       48      6756.24         2.00     -9999.00         0.00         0.00      1573.74       224.82       112.41     46.425     -1.325 
      159       48      160       48      6756.24         1.50     -9999.00         0.00         0.00      1012.37        56.11         0.00     46.425     -1.425 
      161       48      161       49      6756.24         2.00     -9999.00         0.00      2361.36      2866.57        56.10         0.00     46.425     -1.325 
      162       48      161       49      6756.24         1.90     -9999.00         0.00       393.24      2025.77       842.96       562.24     46.425     -1.275 
      165       49      167       49      6758.31         1.70     -9999.00         0.00      3379.16      1292.82       731.02       393.52     46.375     -1.125 
      163       48      162       49      6756.24         2.00     -9999.00         0.00      1629.60      1404.21       281.49        56.32     46.425     -1.225 
      160       48      161       49      6756.24         1.40     -9999.00         0.00       899.91      1461.32       280.84         0.00     46.425     -1.375 
      162       49      161       49      6758.31         1.20     -9999.00         0.00        56.32      1854.68        56.21         0.00     46.375     -1.275 
      163       49      164       49      6758.31         1.30     -9999.00         0.00      1800.12      3379.16       673.93       449.93     46.375     -1.225 
      164       48      164       49      6756.24         1.70     -9999.00         0.00       168.96       168.97         0.00         0.00     46.425     -1.175 
      165       48      164       49      6756.24         1.70     -9999.00         0.00         0.00      2865.88       112.54         0.00     46.425     -1.125 
      163       49      162       49      6758.31         1.30     -9999.00         0.00       281.54      2701.54       731.88        56.12     46.375     -1.225 
      168       48      166       49      6756.24         1.70     -9999.00         0.00      1011.87       112.43       281.41       281.64     46.425     -0.975 
      165       48      166       49      6756.24         1.70     -9999.00         0.00         0.00        56.22       337.29         0.00     46.425     -1.125 
      166       49      164       49      6758.31         1.40     -9999.00         0.00      1069.72       787.61       225.20         0.00     46.375     -1.075 
      165       49      166       49      6758.31         1.70     -9999.00         0.00         0.00      2696.23      3379.16        56.32     46.375     -1.125 
      167       50      168       48      6759.96         1.70     -9999.00         0.00         0.00       562.86       898.95       111.99     46.325     -1.025 
      162       49      161       50      6758.31         1.20     -9999.00         0.00      1238.00      1746.06         0.00         0.00     46.375     -1.275 
      167       50      168       49      6759.96         1.70     -9999.00         0.00      3040.04       845.98       845.06       168.66     46.325     -1.025 
      166       49      164       50      6758.31         1.40     -9999.00         0.00      1914.60       282.00         0.00         0.00     46.375     -1.075 
      175       50      174       49      6759.96         1.90     -9999.00         0.00         0.00         0.00         0.00       281.48     46.325     -0.625 
      163       50      164       49      6759.96         0.90     -9999.00         0.00       844.10       449.95         0.00         0.00     46.325     -1.225 
      163       50      164       50      6759.96         0.90     -9999.00         0.00      3379.98       392.96         0.00         0.00     46.325     -1.225 
      162       50      164       50      6759.96         0.60     -9999.00         0.00       280.74         0.00         0.00         0.00     46.325     -1.275 
      163       51      164       50      6762.27         0.30     -9999.00         0.00      1688.07      3381.13       112.59         0.00     46.275     -1.225 
      170       51      168       51      6762.27         1.80     -9999.00         0.00         0.00         0.00         0.00       281.65     46.275     -0.875 
      166       51      165       51      6762.27         1.50     -9999.00         0.00      1181.21      1463.07      1406.99       505.67     46.275     -1.075 
      171       51      170       51      6762.27         1.90     -9999.00         0.00         0.00       224.87       168.51       449.62     46.275     -0.825 
      169       51      170       51      6762.27         2.00     -9999.00         0.00         0.00      2757.04       733.02       450.32     46.275     -0.925 
      167       55      166       55      6770.20         1.60     -9999.00         0.00         0.00       282.10      1354.55       112.62     46.075     -1.025 
      167       55      166       56      6770.20         1.60     -9999.00         0.00        56.21      1689.67       281.50       281.82     46.075     -1.025 
      168       56      166       56      6771.86         1.40     -9999.00         0.00      1972.52       788.09       282.49         0.00     46.025     -0.975 
      169       57      168       57      6773.74         1.70     -9999.00         0.00         0.00      1635.76       338.19         0.00     45.975     -0.925 
      171       56      171       57      6771.86         1.90     -9999.00         0.00       168.99       507.18       169.43       112.66     46.025     -0.825 
      168       56      167       56      6771.86         1.40     -9999.00         0.00      1465.67      1014.94       225.43       281.67     46.025     -0.975 
      169       57      170       57      6773.74         1.70     -9999.00         0.00       393.91      1409.30       113.00        56.45     45.975     -0.925 
      169       57      169       58      6773.74         1.70     -9999.00         0.00      1410.23      1974.87       789.45       168.91     45.975     -0.925 
      161       57      160       56      6773.74         1.50     -9999.00         0.00         0.00         0.00         0.00       789.34     45.975     -1.325 
      162       57      162       58      6773.74         1.60     -9999.00         0.00       957.87      1410.86       506.98       563.90     45.975     -1.275 
      162       59      161       59      6778.17         1.60     -9999.00         0.00         0.00         0.00         0.00       282.05     45.875     -1.275 
      162       59      163       58      6778.17         1.60     -9999.00         0.00         0.00         0.00         0.00       677.19     45.875     -1.275 
      166       60      165       59      6779.64         1.70     -9999.00         0.00      1410.87       112.77        56.39         0.00     45.825     -1.075 
      164       62      165       62      6783.65         1.80     -9999.00         0.00         0.00       169.17       112.85       338.44     45.725     -1.175 
      165       67      166       66      6793.19         1.10     -9999.00         0.00       847.77      1921.83        56.49        56.49     45.475     -1.125 
      166       68      167       67      6795.54         1.50     -9999.00         0.00       564.86      2035.29       283.20         0.00     45.425     -1.075 
      166       68      168       67      6795.54         1.50     -9999.00         0.00         0.00       338.97       509.07       451.69     45.425     -1.075 
      167       68      168       68      6795.54         1.00     -9999.00         0.00         0.00       112.84       169.36       113.05     45.425     -1.025 
      167       69      168       68      6797.24         1.00     -9999.00         0.00       509.65      1074.52       169.59       113.07     45.375     -1.025 
      169       69      168       68      6797.24         1.30     -9999.00         0.00      3060.64       282.78         0.00         0.00     45.375     -0.925 
      168       69      168       68      6797.24         1.30     -9999.00         0.00       848.82       339.22       225.93        56.43     45.375     -0.975 
      174       69      173       69      6797.24         1.00     -9999.00         0.00         0.00       622.23        56.54       113.07     45.375     -0.675 
      174       70      173       69      6799.82         0.00     -9999.00         0.00         0.00         0.00       565.82         0.00     45.325     -0.675 
      168       70      167       69      6799.82         1.30     -9999.00         0.00         0.00         0.00         0.00       169.52     45.325     -0.975 
      175       70      174       69      6799.82         1.30     -9999.00         0.00       961.45       339.25         0.00        56.54     45.325     -0.625 
      175       70      174       70      6799.82         1.30     -9999.00         0.00      3399.91       848.42       339.12         0.00     45.325     -0.625 
      167       70      168       70      6799.82         6.90     -9999.00         0.00       169.99       904.95      2261.68       904.37     45.325     -1.025 
      174       71      174       70      6801.09         0.10     -9999.00         0.00         0.00         0.00       282.78      1525.73     45.275     -0.675 
      167       70      165       70      6799.82         6.90     -9999.00         0.00         0.00         0.00         0.00       565.82     45.325     -1.025 
      167       70      169       71      6799.82         6.90         1.58       170.03         0.00         0.00         0.00         0.00     45.325     -1.025 
      174       72      173       72      6803.23         1.20     -9999.00         0.00         0.00        56.47      1923.23        56.58     45.225     -0.675 
      167       72      166       71      6803.23        14.50     -9999.00         0.00       509.89      2322.11      1869.25       623.29     45.225     -1.025 
      168       72      167       71      6803.23        19.20     -9999.00         0.00         0.00      1359.34      1358.16        56.58     45.225     -0.975 
      168       72      168       71      6803.23        19.20     -9999.00         0.00         0.00         0.00      1529.60      1926.46     45.225     -0.975 
      175       73      173       72      6805.17         1.50     -9999.00         0.00       283.16      1925.25       397.09         0.00     45.175     -0.625 
      169       73      168       72      6805.17        21.10     -9999.00         0.00         0.00       283.25      1529.17       906.86     45.175     -0.925 
      175       73      174       73      6805.17         1.50     -9999.00         0.00         0.00      1642.82      2377.77       565.20     45.175     -0.625 
      174       73      173       73      6805.17         0.10         3.17       735.66       340.02      2490.89      2322.71       395.96     45.175     -0.675 
      174       74      174       73      6806.88         0.10         4.21      1927.15       566.83       397.05       113.66        56.50     45.125     -0.675 
      168       74      168       73      6806.88        22.40     -9999.00         0.00         0.00         0.00      1472.34      1020.11     45.125     -0.975 
      168       74      167       73      6806.88        22.40     -9999.00         0.00       737.40       623.29       509.72         0.00     45.125     -0.975 
      174       75      174       73      6808.82         0.10         4.07      1696.85        56.51         0.00         0.00         0.00     45.075     -0.675 
      168       75      168       73      6808.82        24.30     -9999.00         0.00         0.00         0.00         0.00       853.57     45.075     -0.975 
      168       75      169       74      6808.82        24.30     -9999.00         0.00         0.00         0.00         0.00       791.84     45.075     -0.975 
      175       75      173       75      6808.82         0.10     -9999.00         0.00       169.90       963.42       226.75        56.63     45.075     -0.625 
      169       75      167       74      6808.82        26.70     -9999.00         0.00         0.00         0.00       283.61       453.72     45.075     -0.925 
      169       75      168       74      6808.82        26.70     -9999.00         0.00         0.00         0.00      1472.59       567.65     45.075     -0.925 
      169       75      168       75      6808.82        26.70     -9999.00         0.00         0.00         0.00        56.63       340.14     45.075     -0.925 
      174       76      175       75      6811.64         0.10     -9999.00         0.00         0.00       169.80       963.15       624.00     45.025     -0.675 
      175       76      174       76      6811.64         0.10     -9999.00         0.00         0.00         0.00       396.81       510.20     45.025     -0.625 
      176       76      174       76      6811.64         0.10         2.50       397.19       170.16         0.00         0.00        56.43     45.025     -0.575 
      168       76      166       76      6811.64        21.60     -9999.00         0.00         0.00      1019.38       737.89       565.74     45.025     -0.975 
      178       76      177       77      6811.64         0.80     -9999.00         0.00         0.00         0.00       623.09       623.09     45.025     -0.475 
      168       76      167       77      6811.64        21.60     -9999.00         0.00         0.00         0.00         0.00       169.75     45.025     -0.975 
      220        9      221       10      6679.31       144.10     -9999.00         0.00         0.00         0.00         0.00       222.17     48.375      1.625 
      220       10      221       10      6681.73       141.90     -9999.00         0.00         0.00         0.00         0.00       167.02     48.325      1.625 
      220       11      220       12      6683.91       141.00     -9999.00         0.00         0.00         0.00         0.00       948.27     48.275      1.625 
      226       12      227       12      6685.89       131.40     -9999.00         0.00         0.00         0.00         0.00      1056.95     48.225      1.925 
      207       13      208       14      6687.60       178.80     -9999.00         0.00         0.00         0.00         0.00       111.13     48.175      0.975 
      226       14      225       14      6689.35       121.50     -9999.00         0.00         0.00         0.00         0.00       946.63     48.125      1.925 
      195       14      195       15      6689.35        64.20     -9999.00         0.00       111.39       111.39       111.39       111.39     48.125      0.375 
      223       15      221       16      6691.34       121.40     -9999.00         0.00         0.00         0.00         0.00       334.43     48.075      1.775 
      223       15      224       15      6691.34       121.40     -9999.00         0.00         0.00         0.00         0.00       111.52     48.075      1.775 
      228       16      227       14      6693.98       123.70     -9999.00         0.00         0.00         0.00         0.00       500.39     48.025      2.025 
      227       16      226       16      6693.98       123.40     -9999.00         0.00         0.00         0.00         0.00       278.59     48.025      1.975 
      222       17      221       16      6695.06       118.10     -9999.00         0.00         0.00         0.00         0.00       279.31     47.975      1.725 
      220       17      221       17      6695.06       118.30     -9999.00         0.00         0.00         0.00         0.00       167.31     47.975      1.625 
      222       17      222       18      6695.06       118.10     -9999.00         0.00         0.00         0.00       668.41      1115.21     47.975      1.725 
      220       17      221       18      6695.06       118.30     -9999.00         0.00         0.00         0.00         0.00       390.38     47.975      1.625 
      224       17      223       17      6695.06       117.80     -9999.00         0.00         0.00         0.00         0.00       278.69     47.975      1.825 
      221       17      222       18      6695.06       110.10     -9999.00         0.00         0.00         0.00         0.00       445.76     47.975      1.675 
      227       20      227       19      6701.24        92.90     -9999.00         0.00         0.00         0.00         0.00       278.46     47.825      1.975 
      228       20      229       19      6701.24        95.40     -9999.00         0.00         0.00         0.00         0.00       501.86     47.825      2.025 
      223       19      222       21      6699.26        87.80     -9999.00         0.00         0.00      1061.17      2341.34      1226.58     47.875      1.775 
      224       19      222       21      6699.26        89.20     -9999.00         0.00         0.00       167.86       557.45         0.00     47.875      1.825 
      222       21      222       20      6703.25        84.80     -9999.00         0.00         0.00       670.22      1841.64      1785.21     47.775      1.725 
      232       20      232       19      6701.24       103.60     -9999.00         0.00         0.00       278.44      1672.92      1503.22     47.825      2.225 
      234       20      233       20      6701.24       108.20     -9999.00         0.00         0.00       836.86      2621.16      1003.39     47.825      2.325 
      232       21      232       19      6703.25       106.50     -9999.00         0.00         0.00         0.00       222.68       111.68     47.775      2.225 
      232       21      233       20      6703.25       106.50     -9999.00         0.00         0.00         0.00       780.62      2176.07     47.775      2.225 
      232       21      232       20      6703.25       106.50     -9999.00         0.00       111.56       781.02      2733.39       949.01     47.775      2.225 
      226       21      227       20      6703.25       111.90     -9999.00         0.00         0.00       614.29       724.42        55.90     47.775      1.925 
      232       20      231       20      6701.24       103.60     -9999.00         0.00         0.00       167.69      1118.64         0.00     47.825      2.225 
      231       21      232       20      6703.25       104.90     -9999.00         0.00         0.00      1115.99      1675.12       167.91     47.775      2.175 
      226       21      227       21      6703.25       111.90     -9999.00         0.00         0.00         0.00       557.85       557.63     47.775      1.925 
      232       21      233       21      6703.25       106.50     -9999.00         0.00         0.00         0.00       111.46       334.73     47.775      2.225 
      221       21      221       22      6703.25        80.70     -9999.00         0.00         0.00         0.00       669.82      1784.56     47.775      1.675 
      221       22      220       21      6705.23        78.80     -9999.00         0.00         0.00         0.00         0.00      1952.00     47.725      1.675 
      193       21      192       21      6703.25        58.60     -9999.00         0.00         0.00         0.00       111.38       279.13     47.775      0.275 
      220       21      220       22      6703.25        77.50     -9999.00         0.00         0.00         0.00       278.37      2065.16     47.775      1.625 
      236       22      237       22      6705.23       116.10     -9999.00         0.00         0.00         0.00         0.00       111.40     47.725      2.425 
      218       22      219       22      6705.23        75.60     -9999.00         0.00         0.00         0.00       167.77       111.62     47.725      1.525 
      238       23      240       23      6707.69       119.60         0.50        55.81         0.00         0.00        55.70      1226.99     47.675      2.525 
      239       23      238       23      6707.69       123.90     -9999.00         0.00       390.65         0.00        56.04       167.01     47.675      2.575 
      216       23      215       25      6707.69        71.70     -9999.00         0.00         0.00         0.00       111.77       892.88     47.675      1.425 
      217       23      215       25      6707.69        71.90     -9999.00         0.00         0.00         0.00         0.00       222.87     47.675      1.475 
      216       24      215       25      6708.79        70.90     -9999.00         0.00        55.95       559.14      1061.33       670.26     47.625      1.425 
      215       24      215       25      6708.79        67.80         2.62       445.73         0.00         0.00       725.54       558.40     47.625      1.375 
      214       26      213       26      6713.25        62.60     -9999.00         0.00         0.00         0.00       781.65      1621.63     47.525      1.325 
      212       26      212       27      6713.25        61.50     -9999.00         0.00         0.00       167.29      1005.40      1339.03     47.525      1.225 
      244       27      245       26      6715.04       135.90     -9999.00         0.00       502.64      1228.50      1451.46       782.69     47.475      2.825 
      211       26      212       27      6713.25        60.10     -9999.00         0.00         0.00         0.00        55.88       447.32     47.525      1.175 
      211       26      211       27      6713.25        60.10         1.12       111.54         0.00       616.27      1396.02      1618.62     47.525      1.175 
      244       27      245       27      6715.04       135.90     -9999.00         0.00         0.00         0.00       726.04        55.89     47.475      2.825 
      211       27      208       27      6715.04        58.40     -9999.00         0.00         0.00         0.00       614.93       223.75     47.475      1.175 
      244       28      244       27      6717.06       138.00     -9999.00         0.00       334.64       111.55       167.32        55.77     47.425      2.825 
      210       27      208       27      6715.04        57.00     -9999.00         0.00         0.00         0.00       111.55      1844.56     47.475      1.125 
      209       27      208       27      6715.04        56.60     -9999.00         0.00         0.00         0.00       392.00       503.54     47.475      1.075 
      208       27      208       28      6715.04        54.90     -9999.00         0.00         0.00         0.00      1564.87      2459.63     47.475      1.025 
      193       28      193       27      6717.06        78.60     -9999.00         0.00         0.00         0.00       783.41       502.52     47.425      0.275 
      194       28      193       28      6717.06        84.10     -9999.00         0.00         0.00         0.00         0.00       280.26     47.425      0.325 
      208       27      207       28      6715.04        54.90     -9999.00         0.00         0.00         0.00         0.00       223.37     47.475      1.025 
      207       28      205       28      6717.06        51.40         1.87       223.60         0.00         0.00         0.00         0.00     47.425      0.975 
      245       28      246       28      6717.06       141.40     -9999.00         0.00         0.00         0.00       446.99      1341.54     47.425      2.875 
      206       28      205       28      6717.06        50.80     -9999.00         0.00         0.00         0.00       167.70      3358.53     47.425      0.925 
      225       28      226       29      6717.06        92.30     -9999.00         0.00         0.00         0.00         0.00      1287.46     47.425      1.875 
      205       28      205       29      6717.06        49.50     -9999.00         0.00         0.00         0.00        56.01      2177.83     47.425      0.875 
      189       29      188       29      6719.28        35.70     -9999.00         0.00         0.00         0.00         0.00       279.08     47.375      0.075 
      203       29      204       28      6719.28        47.40     -9999.00         0.00         0.00         0.00         0.00       223.63     47.375      0.775 
      203       29      201       29      6719.28        47.40     -9999.00         0.00         0.00         0.00         0.00       279.65     47.375      0.775 
      199       29      200       29      6719.28        43.20     -9999.00         0.00         0.00       335.47      1007.21      2351.99     47.375      0.575 
      205       30      206       29      6720.87        50.60     -9999.00         0.00       224.00      2628.67      1343.29       167.65     47.325      0.875 
      207       30      206       29      6720.87        52.70     -9999.00         0.00       559.01       223.47         0.00        56.03     47.325      0.975 
      206       30      206       29      6720.87        50.90     -9999.00         0.00         0.00       782.90      1734.02       447.05     47.325      0.925 
      244       30      245       30      6720.87       146.20     -9999.00         0.00         0.00         0.00       111.84       223.47     47.325      2.825 
      198       30      197       30      6720.87        39.30     -9999.00         0.00         0.00       167.67      1397.91      1901.90     47.325      0.525 
      244       30      245       31      6720.87       146.20     -9999.00         0.00         0.00       280.18       503.58       223.60     47.325      2.825 
      197       30      195       30      6720.87        36.70     -9999.00         0.00         0.00         0.00       111.63      1005.34     47.325      0.475 
      196       30      195       30      6720.87        36.70     -9999.00         0.00         0.00         0.00         0.00       559.52     47.325      0.425 
      195       30      194       31      6720.87        36.60     -9999.00         0.00         0.00         0.00       111.87       503.62     47.325      0.375 
      194       31      195       31      6722.67        33.70     -9999.00         0.00         0.00         0.00       111.77       950.77     47.275      0.325 
      189       31      188       30      6722.67        25.30     -9999.00         0.00       335.41      1174.39       670.96        55.94     47.275      0.075 
      191       30      192       31      6720.87        36.40     -9999.00         0.00         0.00       168.03       223.74       167.91     47.325      0.175 
      194       31      193       30      6722.67        33.70     -9999.00         0.00         0.00       279.61      1230.08      2293.40     47.275      0.325 
      245       32      245       31      6724.69       150.10     -9999.00         0.00         0.00       503.13       280.03       168.16     47.225      2.875 
      188       31      188       30      6722.67        24.90     -9999.00         0.00       167.60      2236.02       279.16         0.00     47.275      0.025 
      194       31      193       31      6722.67        33.70     -9999.00         0.00       279.51       447.36       783.16       671.68     47.275      0.325 
      193       30      191       32      6720.87        32.40     -9999.00         0.00         0.00       111.90       391.07       335.35     47.325      0.275 
      192       31      191       32      6722.67        29.80         2.76       503.90         0.00       223.58       950.54      2240.14     47.275      0.225 
      246       31      247       31      6722.67       149.70     -9999.00         0.00         0.00         0.00        55.83      1901.82     47.275      2.925 
      226       31      225       32      6722.67        89.70     -9999.00         0.00         0.00         0.00      1288.05       560.60     47.275      1.925 
      188       32      186       30      6724.69        27.20     -9999.00         0.00         0.00         0.00       223.70         0.00     47.225      0.025 
      188       32      188       31      6724.69        27.20         2.97       615.97      1232.17      2129.74      1623.13      1175.95     47.225      0.025 
      190       32      190       31      6724.69        27.20     -9999.00         0.00         0.00        56.06        55.85       391.90     47.225      0.125 
      226       32      226       31      6724.69        91.10     -9999.00         0.00         0.00         0.00       447.63       223.49     47.225      1.925 
      189       32      188       31      6724.69        27.20     -9999.00         0.00         0.00         0.00         0.00        56.18     47.225      0.075 
      247       33      247       31      6727.18       156.00     -9999.00         0.00       335.10       223.40         0.00         0.00     47.175      2.975 
      247       33      247       32      6727.18       156.00     -9999.00         0.00       447.60      2744.16      1510.22       279.61     47.175      2.975 
      247       34      247       33      6728.55       156.00     -9999.00         0.00         0.00       335.38       616.02       279.74     47.125      2.975 
      193       33      191       34      6727.18        30.70     -9999.00         0.00         0.00         0.00       279.98       672.40     47.175      0.275 
      194       34      194       33      6728.55        30.70     -9999.00         0.00         0.00         0.00         0.00       393.96     47.125      0.325 
      195       33      194       33      6727.18        34.00     -9999.00         0.00         0.00       279.79       671.01         0.00     47.175      0.375 
      195       34      194       33      6728.55        32.50     -9999.00         0.00         0.00         0.00       503.07      1230.72     47.125      0.375 
      287       34      286       35      6728.55       198.40     -9999.00         0.00       224.46       392.04         0.00        56.00     47.125      4.975 
      200       35      199       36      6731.25        43.30     -9999.00         0.00         0.00         0.00       336.08       336.75     47.075      0.625 
      249       37      248       36      6734.45       165.30     -9999.00         0.00         0.00         0.00      1177.72       504.42     46.975      3.075 
      248       37      249       37      6734.45       166.10     -9999.00         0.00         0.00         0.00      1063.21      1903.40     46.975      3.025 
      254       39      252       38      6738.99       178.40     -9999.00         0.00         0.00       448.70       336.24       336.58     46.875      3.325 
      252       39      254       39      6738.99       178.50     -9999.00         0.00         0.00         0.00         0.00       280.99     46.875      3.225 
      254       40      254       39      6740.59       178.50     -9999.00         0.00         0.00         0.00       505.11      1852.27     46.825      3.325 
      249       41      249       40      6742.65       181.00     -9999.00         0.00       280.95      1234.53         0.00         0.00     46.775      3.075 
      249       41      248       40      6742.65       181.00     -9999.00         0.00         0.00       393.01       449.32        56.09     46.775      3.075 
      255       40      254       40      6740.59       183.50     -9999.00         0.00         0.00         0.00       168.57       561.12     46.825      3.375 
      255       41      254       40      6742.65       186.10     -9999.00         0.00         0.00         0.00       112.16         0.00     46.775      3.375 
      205       40      205       41      6740.59        58.80     -9999.00         0.00         0.00        56.09       337.66       448.38     46.825      0.875 
      286       41      285       41      6742.65       172.00         2.12       280.93         0.00       112.31       336.82       672.88     46.775      4.925 
      259       42      259       41      6744.26       196.30     -9999.00         0.00       617.16       786.47      1513.25      1290.13     46.725      3.575 
      260       44      261       43      6748.16       205.30     -9999.00         0.00         0.00       112.15       449.02       674.77     46.625      3.625 
      260       44      261       44      6748.16       205.30     -9999.00         0.00       336.35      1404.20      1067.12      1629.01     46.625      3.625 
      260       45      262       44      6750.46       213.30     -9999.00         0.00         0.00      1967.35      2081.54      1516.89     46.575      3.625 
      238       46      239       45      6752.53       181.90     -9999.00         0.00         0.00         0.00       337.87       224.22     46.525      2.525 
      255       47      255       46      6754.82       211.30     -9999.00         0.00         0.00         0.00       168.32      1067.90     46.475      3.375 
      265       47      264       47      6754.82       219.80     -9999.00         0.00        56.29       224.61        56.18       449.58     46.475      3.875 
      188       53      188       52      6766.45       130.10     -9999.00         0.00         0.00         0.00       394.02       618.79     46.175      0.025 
      234       53      233       53      6766.45       373.90     -9999.00         0.00         0.00         0.00         0.00       112.34     46.175      2.325 
      188       56      188       57      6771.86        80.80     -9999.00         0.00         0.00         0.00         0.00       225.33     46.025      0.025 
      252       57      253       58      6773.74       305.90     -9999.00         0.00       225.39       619.83       112.69       450.78     45.975      3.225 
      250       60      250       59      6779.64       316.90     -9999.00         0.00        56.27       790.04       394.59       282.04     45.825      3.125 
      250       61      251       61      6781.75       323.70     -9999.00         0.00         0.00         0.00         0.00       113.13     45.775      3.125 
      250       62      251       61      6783.65       332.20     -9999.00         0.00         0.00       112.92       169.66       395.17     45.725      3.125 
      284       62      285       63      6783.65       160.10         0.50        56.43       225.83        56.65        56.65        56.65     45.725      4.825 
      283       69      282       69      6797.24       135.80         2.33       340.52       339.42         0.00       905.35      1867.07     45.375      4.775 
      301       27      301       28      6715.04       190.80     -9999.00         0.00         0.00         0.00         0.00       279.76     47.475      5.675 
      301       28      300       27      6717.06       190.30     -9999.00         0.00       279.45      1956.94      1785.93       334.65     47.425      5.675 
      292       28      291       28      6717.06       230.20     -9999.00         0.00       111.58       559.04       446.90       167.71     47.425      5.225 
      291       29      291       30      6719.28       212.70     -9999.00         0.00         0.00         0.00         0.00        55.93     47.375      5.175 
      291       28      292       30      6717.06       228.10     -9999.00         0.00         0.00         0.00         0.00        55.90     47.425      5.175 
      291       29      292       30      6719.28       212.70         1.88       224.21         0.00         0.00         0.00       335.57     47.375      5.175 
      291       31      291       32      6722.67       200.70     -9999.00         0.00         0.00         0.00        55.84       896.01     47.275      5.175 
      293       33      292       33      6727.18       187.60     -9999.00         0.00         0.00         0.00         0.00       167.91     47.175      5.275 
      295       33      294       33      6727.18       181.40     -9999.00         0.00         0.00       223.81      2633.57       784.11     47.175      5.375 
      292       33      292       34      6727.18       183.40     -9999.00         0.00         0.00       560.53      1006.95        55.87     47.175      5.225 
      290       34      291       33      6728.55       186.80     -9999.00         0.00         0.00         0.00         0.00       111.96     47.125      5.125 
      291       33      291       34      6727.18       185.70     -9999.00         0.00      1063.12       448.07       503.82       336.10     47.175      5.175 
      294       35      293       35      6731.25       182.90     -9999.00         0.00         0.00         0.00         0.00       279.90     47.075      5.325 
      291       35      291       36      6731.25       177.50     -9999.00         0.00         0.00         0.00       447.32      2745.29     47.075      5.175 
      292       35      291       36      6731.25       178.10     -9999.00         0.00         0.00         0.00         0.00       391.51     47.075      5.225 
      296       35      295       36      6731.25       192.20     -9999.00         0.00         0.00         0.00         0.00       391.96     47.075      5.425 
      294       36      293       36      6732.62       183.70     -9999.00         0.00         0.00         0.00         0.00       336.66     47.025      5.325 
      296       36      295       36      6732.62       190.30     -9999.00         0.00         0.00       281.10       729.70      1064.00     47.025      5.425 
      294       36      292       36      6732.62       183.70     -9999.00         0.00       504.54      1065.88       730.13       952.53     47.025      5.325 
      295       36      294       37      6732.62       185.00     -9999.00         0.00         0.00         0.00         0.00      1232.36     47.025      5.375 
      290       36      289       37      6732.62       176.00     -9999.00         0.00         0.00         0.00       112.38       672.93     47.025      5.125 
      292       36      293       37      6732.62       182.10     -9999.00         0.00         0.00       448.74      1961.05        56.03     47.025      5.225 
      294       37      293       37      6734.45       182.10     -9999.00         0.00         0.00         0.00         0.00       167.98     46.975      5.325 
      301       37      301       36      6734.45       214.50     -9999.00         0.00         0.00         0.00         0.00       727.63     46.975      5.675 
      294       38      292       39      6736.48       179.90     -9999.00         0.00         0.00         0.00         0.00       448.41     46.925      5.325 
      294       38      293       39      6736.48       179.90     -9999.00         0.00         0.00         0.00         0.00       786.54     46.925      5.325 
      288       38      288       39      6736.48       174.40     -9999.00         0.00         0.00       392.29      1457.27       449.13     46.925      5.025 
      289       39      288       39      6738.99       176.30     -9999.00         0.00         0.00       112.13       616.77       280.18     46.875      5.075 
      288       39      287       38      6738.99       174.20     -9999.00         0.00         0.00         0.00       112.33       336.00     46.875      5.025 
      297       42      296       42      6744.26       193.90     -9999.00         0.00         0.00         0.00         0.00       112.00     46.725      5.475 
      325       51      326       50      6762.27       379.40     -9999.00         0.00         0.00         0.00       224.71       394.07     46.275      6.875 
      327       51      325       51      6762.27       382.80     -9999.00         0.00       393.79       562.60       562.73       506.27     46.275      6.975 
      341       50      340       51      6759.96       591.40     -9999.00         0.00        56.24       112.48       112.48        56.24     46.325      7.675 
      327       51      326       51      6762.27       382.80         1.88       225.11         0.00         0.00         0.00         0.00     46.275      6.975 
      338       51      338       52      6762.27       514.10     -9999.00         0.00       281.79         0.00       338.04       338.16     46.275      7.525 
      332       53      330       53      6766.45       466.20     -9999.00         0.00         0.00       506.86       112.46        56.28     46.175      7.225 
      299       53      300       54      6766.45       476.00     -9999.00         0.00         0.00         0.00         0.00        56.17     46.175      5.575 
      331       53      331       54      6766.45       460.10     -9999.00         0.00         0.00      1069.91      1914.60      1070.26     46.175      7.175 
      332       54      331       54      6767.88       464.20     -9999.00         0.00         0.00         0.00         0.00        56.18     46.125      7.225 
      291       58      292       58      6775.85       215.80     -9999.00         0.00         0.00         0.00         0.00       169.32     45.925      5.175 
      289       59      290       59      6778.17       200.60     -9999.00         0.00         0.00         0.00         0.00       225.31     45.875      5.075 
      290       59      287       60      6778.17       183.80     -9999.00         0.00         0.00       338.11         0.00        56.39     45.875      5.125 
      289       60      287       60      6779.64       179.30     -9999.00         0.00       395.32       169.19       508.55      1242.33     45.825      5.075 
      288       61      287       60      6781.75       177.40     -9999.00         0.00       281.99      1974.59      1017.23      1410.94     45.775      5.025 
      288       61      286       60      6781.75       177.40     -9999.00         0.00       225.48       169.42       112.69         0.00     45.775      5.025 
      301       63      300       63      6785.55       213.20     -9999.00         0.00       734.21       282.70       282.60         0.00     45.675      5.675 
      293       69      292       70      6797.24       329.70     -9999.00         0.00         0.00         0.00         0.00        56.76     45.375      5.275 
      290       70      287       70      6799.82       292.90     -9999.00         0.00         0.00         0.00         0.00        56.55     45.325      5.125 
      305       70      306       71      6799.82       224.30     -9999.00         0.00         0.00        56.68       509.21      1189.92     45.325      5.875 
      302       72      302       71      6803.23       205.70     -9999.00         0.00         0.00       113.17       338.96        56.48     45.225      5.725 
      300       73      300       72      6805.17       203.90     -9999.00         0.00       170.09        56.81       169.76       113.17     45.175      5.625 
       78      124       79      125      6903.45       828.00     -9999.00         0.00       114.94       172.50       344.79       229.96     42.625     -5.475 
       72      126       71      126      6907.16       874.60     -9999.00         0.00       229.94       402.96       287.23       114.86     42.525     -5.775 
       84      126       82      127      6907.16       903.60     -9999.00         0.00         0.00         0.00         0.00       229.98     42.525     -5.175 
       72      126       73      130      6907.16       874.60     -9999.00         0.00       690.41       346.01       115.40        57.70     42.525     -5.775 
       72      126       72      128      6907.16       874.60     -9999.00         0.00         0.00         0.00         0.00       115.63     42.525     -5.775 
       80      127       79      127      6909.67       798.20     -9999.00         0.00         0.00         0.00        57.61      1092.02     42.475     -5.375 
       80      127       77      127      6909.67       798.20     -9999.00         0.00         0.00         0.00         0.00        57.39     42.475     -5.375 
       83      127       83      128      6909.67       895.10     -9999.00         0.00       172.42       459.75       517.67       804.85     42.475     -5.225 
       83      127       83      130      6909.67       895.10     -9999.00         0.00         0.00       115.02       230.05       230.37     42.475     -5.225 
       83      127       83      129      6909.67       895.10     -9999.00         0.00         0.00       115.24        57.62         0.00     42.475     -5.225 
       71      127       70      128      6909.67       812.80     -9999.00         0.00       287.52       230.21       575.13       517.70     42.475     -5.825 
       87      128       86      129      6910.89       808.60     -9999.00         0.00         0.00       344.52        57.42         0.00     42.425     -5.025 
       72      128       72      130      6910.89       823.80     -9999.00         0.00       575.55       231.09       345.07       402.50     42.425     -5.775 
       70      128       70      130      6910.89       794.90     -9999.00         0.00         0.00         0.00       459.70       459.48     42.425     -5.875 
       74      129       75      131      6913.19       800.40     -9999.00         0.00       690.27       172.77       345.11      1210.56     42.375     -5.675 
       72      130       73      131      6915.05       784.70     -9999.00         0.00         0.00       460.44       461.59       692.61     42.325     -5.775 
       72      131       71      131      6917.14       784.70     -9999.00         0.00       979.72      1149.82       403.08       230.26     42.275     -5.775 
       65      130       68      130      6915.05       907.80     -9999.00         0.00         0.00         0.00         0.00       115.56     42.325     -6.125 
       72      130       72      134      6915.05       784.70     -9999.00         0.00         0.00         0.00       115.13       344.98     42.325     -5.775 
       70      132       71      132      6918.59       750.60     -9999.00         0.00         0.00       402.92       345.21       461.03     42.225     -5.875 
       76      132       75      133      6918.59       730.10     -9999.00         0.00       403.19       460.68       460.76       288.30     42.225     -5.575 
       75      134       76      135      6922.35       721.60     -9999.00         0.00       230.21       345.69       460.52       288.15     42.125     -5.625 
       75      135       76      135      6925.08       717.70     -9999.00         0.00         0.00         0.00         0.00       692.12     42.075     -5.625 
       75      135       75      136      6925.08       717.70     -9999.00         0.00         0.00         0.00       403.55       518.40     42.075     -5.625 
       72      136       73      137      6926.11       712.10     -9999.00         0.00         0.00         0.00        57.55        57.55     42.025     -5.775 
       66      138       67      137      6929.89       734.50     -9999.00         0.00       172.74       115.16        57.58       345.47     41.925     -6.075 
       73      137       74      138      6928.42       695.80     -9999.00         0.00         0.00       172.77       922.03      1154.53     41.975     -5.725 
       81      138       81      139      6929.89       692.30     -9999.00         0.00         0.00         0.00       403.67       173.20     41.925     -5.325 
       81      139       80      138      6932.43       688.80     -9999.00         0.00         0.00         0.00      1096.14       633.85     41.875     -5.325 
       82      139       81      140      6932.43       703.00     -9999.00         0.00         0.00        57.82       230.87       115.32     41.875     -5.275 
       79      139       79      140      6932.43       682.20     -9999.00         0.00         0.00       749.96      1962.88      1096.20     41.875     -5.425 
       78      156       78      155      6964.09       820.30     -9999.00         0.00         0.00         0.00         0.00       115.77     41.025     -5.475 
       69      159       70      158      6970.34       807.70     -9999.00         0.00         0.00         0.00       290.16       290.18     40.875     -5.925 
       77      159       78      158      6970.34       798.50     -9999.00         0.00       290.32       464.37       347.94       290.01     40.875     -5.525 
       77      159       78      159      6970.34       798.50     -9999.00         0.00         0.00         0.00        58.27        57.96     40.875     -5.525 
       61      163       61      162      6977.08       765.10     -9999.00         0.00         0.00       116.06         0.00       173.98     40.675     -6.325 
       75      163       75      162      6977.08       830.40     -9999.00         0.00         0.00         0.00         0.00       174.42     40.675     -5.625 
       79      176       78      176      7001.76       278.00     -9999.00         0.00         0.00         0.00       350.32       116.56     40.025     -5.425 
      170       77      169       75      6813.14        33.20     -9999.00         0.00         0.00         0.00         0.00       849.35     44.975     -0.875 
      170       77      170       76      6813.14        33.20     -9999.00         0.00         0.00         0.00         0.00      1360.95     44.975     -0.875 
      177       77      177       76      6813.14         0.10     -9999.00         0.00         0.00         0.00       737.71       567.96     44.975     -0.525 
      178       77      177       77      6813.14         0.80     -9999.00         0.00       283.52      3406.57      1532.61       567.19     44.975     -0.475 
      171       78      170       77      6814.65        39.30     -9999.00         0.00         0.00         0.00       113.23       793.05     44.925     -0.825 
      171       78      168       78      6814.65        39.30     -9999.00         0.00         0.00         0.00       113.34      1587.59     44.925     -0.825 
      178       77      177       78      6813.14         0.80     -9999.00         0.00         0.00         0.00      1248.38       907.16     44.975     -0.475 
      172       77      173       78      6813.14        30.90     -9999.00         0.00         0.00         0.00         0.00       510.95     44.975     -0.775 
      170       78      168       78      6814.65        38.90     -9999.00         0.00         0.00         0.00        56.57       794.63     44.925     -0.875 
      169       78      168       78      6814.65        30.70     -9999.00         0.00         0.00         0.00         0.00        57.01     44.925     -0.925 
      170       78      169       78      6814.65        38.90     -9999.00         0.00         0.00         0.00       227.61      1020.19     44.925     -0.875 
      168       79      167       79      6816.60        28.50     -9999.00         0.00         0.00         0.00        56.58       169.97     44.875     -0.975 
      169       79      167       79      6816.60        33.90     -9999.00         0.00         0.00         0.00         0.00        56.59     44.875     -0.925 
      171       80      170       79      6818.77        40.30     -9999.00         0.00         0.00         0.00      3409.38       794.06     44.825     -0.825 
      185       79      186       80      6816.60         5.50     -9999.00         0.00         0.00         0.00       794.92       850.30     44.875     -0.125 
      170       80      171       80      6818.77        40.60     -9999.00         0.00         0.00         0.00       113.30       511.00     44.825     -0.875 
      167       80      166       79      6818.77        25.40     -9999.00         0.00         0.00         0.00         0.00       113.63     44.825     -1.025 
      167       80      166       80      6818.77        25.40     -9999.00         0.00         0.00         0.00       397.29       567.53     44.825     -1.025 
      167       80      165       80      6818.77        25.40     -9999.00         0.00         0.00         0.00         0.00       510.95     44.825     -1.025 
      170       81      169       80      6820.72        43.70     -9999.00         0.00         0.00         0.00         0.00      1189.78     44.775     -0.875 
      171       81      172       80      6820.72        40.20     -9999.00         0.00         0.00         0.00       227.07       794.22     44.775     -0.825 
      167       81      166       81      6820.72        22.00     -9999.00         0.00         0.00         0.00        56.61       284.16     44.775     -1.025 
      173       81      173       80      6820.72        46.30     -9999.00         0.00         0.00         0.00       397.04      1020.09     44.775     -0.725 
      170       82      168       83      6822.90        42.60     -9999.00         0.00         0.00         0.00        56.75       170.24     44.725     -0.875 
      168       82      169       82      6822.90        10.40     -9999.00         0.00         0.00         0.00       113.40       113.62     44.725     -0.975 
      167       85      168       84      6828.35         9.30     -9999.00         0.00         0.00         0.00       227.14       170.25     44.575     -1.025 
      166       85      167       84      6828.35        14.50     -9999.00         0.00         0.00         0.00         0.00       908.25     44.575     -1.075 
      168       86      168       85      6830.32        17.50     -9999.00         0.00         0.00       683.02       340.91       456.36     44.525     -0.975 
      166       86      165       84      6830.32        23.20     -9999.00         0.00         0.00         0.00         0.00       228.11     44.525     -1.075 
      169       88      169       87      6834.70        40.50     -9999.00         0.00         0.00       455.49       568.83       624.98     44.425     -0.925 
      169       88      167       87      6834.70        40.50     -9999.00         0.00         0.00         0.00        56.83      1080.40     44.425     -0.925 
      168       88      168       87      6834.70        48.50     -9999.00         0.00         0.00         0.00      1876.83       454.98     44.425     -0.975 
      170       89      171       88      6836.02        45.70     -9999.00         0.00         0.00         0.00       171.30       795.50     44.375     -0.875 
      168       88      167       88      6834.70        48.50     -9999.00         0.00         0.00         0.00         0.00       852.72     44.425     -0.975 
      178       90      178       89      6838.44        76.20     -9999.00         0.00         0.00       113.51       283.87        56.75     44.325     -0.475 
      174       91      173       91      6839.77        62.40     -9999.00         0.00         0.00         0.00         0.00        56.89     44.275     -0.675 
      179       92      180       91      6841.75        98.10     -9999.00         0.00         0.00         0.00       227.69       740.29     44.225     -0.425 
      179       92      177       90      6841.75        98.10     -9999.00         0.00         0.00         0.00         0.00       285.14     44.225     -0.425 
      181       92      179       91      6841.75       108.60     -9999.00         0.00         0.00         0.00         0.00       965.96     44.225     -0.325 
      170       92      172       92      6841.75        63.60     -9999.00         0.00         0.00      1707.69      2622.31      1138.41     44.225     -0.875 
      175       92      173       93      6841.75        84.70     -9999.00         0.00         0.00         0.00         0.00       227.89     44.225     -0.625 
      181       93      179       93      6843.74       115.00     -9999.00         0.00         0.00         0.00         0.00       399.48     44.175     -0.325 
      172       95      173       95      6847.50        75.30     -9999.00         0.00         0.00         0.00         0.00        56.84     44.075     -0.775 
      158      105      157      106      6866.72         1.40     -9999.00         0.00         0.00         0.00         0.00       285.78     43.575     -1.475 
      116      115      117      116      6886.21       704.50     -9999.00         0.00        57.19       286.29         0.00         0.00     43.075     -3.575 
      133      118      134      119      6892.36       516.00     -9999.00         0.00       172.07        57.25       171.86        57.35     42.925     -2.725 
      134      119      132      119      6894.20       500.30     -9999.00         0.00         0.00        57.26       459.92       401.78     42.875     -2.675 
      101      125      101      126      6905.72       819.70     -9999.00         0.00         0.00       230.13       114.74       344.75     42.575     -4.325 
       92      125       92      126      6905.72       921.00     -9999.00         0.00         0.00         0.00         0.00       229.49     42.575     -4.775 
      101      126      102      126      6907.16       813.40     -9999.00         0.00         0.00         0.00       345.48       115.19     42.525     -4.325 
      129      127      130      126      6909.67       555.40     -9999.00         0.00         0.00       115.21        57.61       115.21     42.475     -2.925 
       92      128       93      128      6910.89       878.90     -9999.00         0.00         0.00       402.95       172.43       172.87     42.425     -4.775 
       93      128       94      130      6910.89       859.60     -9999.00         0.00       172.25       172.25       344.60       345.82     42.425     -4.725 
       94      129       94      130      6913.19       849.80     -9999.00         0.00         0.00         0.00        57.42       287.10     42.375     -4.675 
       94      129       95      130      6913.19       849.80     -9999.00         0.00         0.00       461.32       229.68         0.00     42.375     -4.675 
      103      129      103      130      6913.19       785.60     -9999.00         0.00         0.00         0.00         0.00       115.18     42.375     -4.225 
      113      130      112      130      6915.05       840.30     -9999.00         0.00       115.10         0.00       230.09       172.32     42.325     -3.725 
      153      129      153      130      6913.19       290.80     -9999.00         0.00         0.00       115.11       115.11       689.57     42.375     -1.725 
       96      131       96      132      6917.14       798.80     -9999.00         0.00       632.97       633.62       748.02       690.31     42.275     -4.575 
      153      131      153      132      6917.14       272.90     -9999.00         0.00         0.00         0.00         0.00       114.94     42.275     -1.725 
      101      132      100      132      6918.59       771.70     -9999.00         0.00         0.00         0.00         0.00       863.95     42.225     -4.325 
       96      131       97      133      6917.14       798.80     -9999.00         0.00       114.96        57.48         0.00         0.00     42.275     -4.575 
       95      132       96      133      6918.59       783.50     -9999.00         0.00        57.91       172.66       230.26       459.97     42.225     -4.625 
      108      132      108      133      6918.59       778.90     -9999.00         0.00         0.00       230.84       115.42         0.00     42.225     -3.975 
       97      133       98      134      6920.89       761.30     -9999.00         0.00       172.74       634.24       749.35       460.83     42.175     -4.525 
      163      133      162      134      6920.89       338.80     -9999.00         0.00        57.52       172.98         0.00       173.09     42.175     -1.225 
       92      134       93      135      6922.35       748.60     -9999.00         0.00         0.00       230.20       172.89       115.26     42.125     -4.775 
      106      135      105      136      6925.08       762.50     -9999.00         0.00         0.00         0.00         0.00       230.68     42.075     -4.075 
       90      136       90      137      6926.11       756.70     -9999.00         0.00        57.66       172.65        57.55       978.92     42.025     -4.875 
       93      137       92      136      6928.42       741.20     -9999.00         0.00         0.00       230.43       979.48       749.82     41.975     -4.725 
      156      136      157      137      6926.11       244.80     -9999.00         0.00         0.00         0.00       806.29       806.88     42.025     -1.575 
       91      137       92      136      6928.42       746.80     -9999.00         0.00         0.00         0.00         0.00       865.65     41.975     -4.825 
       92      137       93      137      6928.42       745.90     -9999.00         0.00         0.00         0.00       115.35       519.57     41.975     -4.775 
      159      138      158      137      6929.89       243.90     -9999.00         0.00       115.16       403.48       577.27       230.64     41.925     -1.425 
      159      138      159      137      6929.89       243.90     -9999.00         0.00      1326.54      1615.88      1211.50       403.73     41.925     -1.425 
       89      139       90      138      6932.43       748.00     -9999.00         0.00         0.00         0.00       346.80       460.92     41.875     -4.925 
      163      138      163      139      6929.89       226.10     -9999.00         0.00       346.10       288.69       403.80       404.00     41.925     -1.225 
      160      139      160      138      6932.43       231.40     -9999.00         0.00         0.00       691.93      1038.28       173.22     41.875     -1.375 
       93      139       94      139      6932.43       853.80     -9999.00         0.00         0.00         0.00       866.46      1385.14     41.875     -4.725 
       91      139       91      138      6932.43       854.60     -9999.00         0.00         0.00         0.00         0.00      2538.92     41.875     -4.825 
       91      139       90      138      6932.43       854.60     -9999.00         0.00         0.00         0.00      1788.84      1268.86     41.875     -4.825 
       91      139       90      139      6932.43       854.60     -9999.00         0.00         0.00         0.00       346.41       288.58     41.875     -4.825 
       91      139       92      140      6932.43       854.60     -9999.00         0.00         0.00       115.34      3001.87      1212.26     41.875     -4.825 
       91      140       90      139      6933.68       851.40     -9999.00         0.00         0.00         0.00       751.40       346.89     41.825     -4.825 
       92      139       92      140      6932.43       854.20     -9999.00         0.00       115.24      1385.34      2308.56      1732.97     41.875     -4.775 
      163      139      164      139      6932.43       220.70     -9999.00         0.00         0.00        57.72       980.20      1616.87     41.875     -1.225 
       96      139       96      140      6932.43       709.40     -9999.00         0.00       172.87      1269.46       346.61       922.77     41.875     -4.575 
       89      140       90      140      6933.68       847.20     -9999.00         0.00         0.00         0.00         0.00      1790.28     41.825     -4.925 
       91      140       89      140      6933.68       851.40     -9999.00         0.00      1095.50       576.90         0.00         0.00     41.825     -4.825 
       91      140       92      140      6933.68       851.40     -9999.00         0.00         0.00         0.00         0.00       346.40     41.825     -4.825 
       91      140       90      141      6933.68       851.40     -9999.00         0.00       518.63       979.62      2134.47      2082.07     41.825     -4.825 
       89      140       89      141      6933.68       847.20     -9999.00         0.00         0.00         0.00         0.00      1790.44     41.825     -4.925 
       89      140       88      141      6933.68       847.20     -9999.00         0.00         0.00       579.45      2715.24       288.26     41.825     -4.925 
       90      141       91      142      6936.42       847.80     -9999.00         0.00         0.00      1673.93      1906.10      1039.52     41.775     -4.875 
       91      142       91      141      6938.33       846.80     -9999.00         0.00         0.00         0.00         0.00       692.29     41.725     -4.825 
       95      140       96      141      6933.68       706.10     -9999.00         0.00         0.00         0.00        57.75       403.90     41.825     -4.625 
      106      140      105      141      6933.68       920.20     -9999.00         0.00         0.00         0.00         0.00       462.39     41.825     -4.075 
       95      140       95      141      6933.68       706.10     -9999.00         0.00       634.81       462.41       635.02       462.09     41.825     -4.625 
       90      141       90      142      6936.42       847.80     -9999.00         0.00         0.00      1385.06       230.70         0.00     41.775     -4.875 
       90      141       90      143      6936.42       847.80     -9999.00         0.00         0.00      1615.05       230.81         0.00     41.775     -4.875 
      181      142      181      141      6938.33       396.70     -9999.00         0.00         0.00         0.00         0.00        57.65     41.725     -0.325 
       91      142       92      142      6938.33       846.80     -9999.00         0.00         0.00         0.00       519.19       808.00     41.725     -4.825 
      167      143      168      143      6939.59       210.70     -9999.00         0.00         0.00         0.00       173.64       115.55     41.675     -1.025 
      166      144      166      142      6941.28       238.10     -9999.00         0.00        57.57       404.47       288.91       230.49     41.625     -1.075 
      173      144      173      145      6941.28       179.60     -9999.00         0.00         0.00       115.61       579.03       867.22     41.625     -0.725 
      172      146      173      146      6945.32       191.20     -9999.00         0.00         0.00         0.00         0.00       115.55     41.525     -0.775 
      177      146      176      146      6945.32       164.50     -9999.00         0.00         0.00         0.00        57.95        57.74     41.525     -0.525 
      177      146      176      147      6945.32       164.50     -9999.00         0.00       289.34       462.01       288.79        57.74     41.525     -0.525 
      104      146      103      147      6945.32       900.60     -9999.00         0.00         0.00         0.00         0.00      1214.04     41.525     -4.175 
      104      146      105      147      6945.32       900.60     -9999.00         0.00         0.00         0.00         0.00       981.87     41.525     -4.175 
      162      148      163      147      6949.57       395.50     -9999.00         0.00       230.99       462.30       405.50       115.92     41.425     -1.275 
      159      147      160      146      6947.22       369.10     -9999.00         0.00       115.70       173.25       347.35       231.53     41.475     -1.425 
      160      148      160      146      6949.57       368.20     -9999.00         0.00        57.85       231.11       809.43       346.92     41.425     -1.375 
      103      147      101      148      6947.22       885.60     -9999.00         0.00         0.00         0.00         0.00       462.69     41.475     -4.225 
       92      151       92      150      6954.89       737.90     -9999.00         0.00         0.00         0.00        57.80       115.93     41.275     -4.775 
      102      151      101      150      6954.89       798.60     -9999.00         0.00         0.00        57.81       115.73       115.73     41.275     -4.275 
       97      151       97      150      6954.89       770.90     -9999.00         0.00         0.00         0.00         0.00      1041.39     41.275     -4.525 
      108      151      107      150      6954.89       902.30     -9999.00         0.00         0.00         0.00         0.00       115.42     41.275     -3.975 
       91      155       90      154      6962.17       771.40     -9999.00         0.00         0.00       116.07        57.87       405.45     41.075     -4.825 
       95      155       94      154      6962.17       839.80     -9999.00         0.00         0.00         0.00       289.11       289.20     41.075     -4.625 
      100      157       99      156      6966.04       897.60     -9999.00         0.00         0.00         0.00       116.05       290.75     40.975     -4.375 
       90      161       89      160      6973.60       907.80     -9999.00         0.00         0.00        57.98        57.87        58.09     40.775     -4.875 
      158      161      161      161      6973.60      1016.30     -9999.00         0.00         0.00         0.00         0.00        58.11     40.775     -1.475 
      118      163      117      164      6977.08       642.00     -9999.00         0.00         0.00         0.00       232.58       231.73     40.675     -3.475 
      162      166      162      165      6982.92       988.50     -9999.00         0.00         0.00         0.00        57.97       290.86     40.525     -1.275 
      164      167      163      168      6985.09      1017.30     -9999.00         0.00         0.00       174.26         0.00         0.00     40.475     -1.175 
       91      176       92      177      7001.76       367.30     -9999.00         0.00         0.00         0.00         0.00       291.23     40.025     -4.825 
      224       78      223       78      6814.65       124.00     -9999.00         0.00         0.00         0.00         0.00       113.48     44.925      1.825 
      283       82      282       82      6822.90        81.40         2.13       284.16      1419.02       511.84       567.85       624.68     44.725      4.775 
      282       85      281       86      6828.35        70.90         3.08       682.27       624.39       113.38       227.19      1080.11     44.575      4.725 
      189       86      188       85      6830.32        14.30         1.89       227.34         0.00         0.00       341.05      1193.46     44.525      0.075 
      283       86      281       86      6830.32        70.90     -9999.00         0.00        56.70         0.00       227.22       113.51     44.525      4.775 
      190       86      189       87      6830.32        16.50         2.14       284.96         0.00         0.00       170.56       682.04     44.525      0.125 
      192       86      191       86      6830.32        29.50     -9999.00         0.00         0.00         0.00         0.00        56.82     44.525      0.225 
      190       87      189       87      6832.07        19.60     -9999.00         0.00         0.00       171.24       965.92       567.27     44.475      0.125 
      194       87      193       87      6832.07        39.30     -9999.00         0.00         0.00       171.48       513.14       114.32     44.475      0.325 
      190       87      192       88      6832.07        19.60     -9999.00         0.00         0.00        56.84       398.17         0.00     44.475      0.125 
      281       88      281       89      6834.70        55.50         2.13       284.09       113.68        57.06       512.24       909.71     44.425      4.675 
      282       88      281       89      6834.70        55.50     -9999.00         0.00         0.00         0.00       739.71       284.14     44.425      4.725 
      282       89      281       90      6836.02        51.20     -9999.00         0.00         0.00         0.00         0.00       454.93     44.375      4.725 
      192       90      193       89      6838.44        28.20     -9999.00         0.00         0.00        56.87         0.00       398.92     44.325      0.225 
      197       90      196       90      6838.44        35.10     -9999.00         0.00       170.71       511.81       340.77       340.88     44.325      0.475 
      196       90      196       91      6838.44        33.20     -9999.00         0.00        56.87       170.50      1137.76       399.10     44.325      0.425 
      282       89      282       91      6836.02        51.20     -9999.00         0.00         0.00         0.00       342.01       341.56     44.375      4.725 
      282       90      282       91      6838.44        46.20     -9999.00         0.00         0.00         0.00       284.19       285.17     44.325      4.725 
      282       91      281       91      6839.77        41.70         1.14       113.55         0.00         0.00        56.89       796.66     44.275      4.725 
      192       91      193       92      6839.77        31.00     -9999.00         0.00         0.00         0.00         0.00       113.78     44.275      0.225 
      193       92      193       90      6841.75        30.00     -9999.00         0.00         0.00       569.46      1535.11       284.13     44.225      0.275 
      287       91      285       92      6839.77       131.10     -9999.00         0.00       342.45       113.79        56.89       399.13     44.275      4.975 
      287       92      286       92      6841.75        95.40     -9999.00         0.00        57.03       113.73        56.81       285.13     44.225      4.975 
      197       93      199       92      6843.74        38.30     -9999.00         0.00         0.00         0.00         0.00        57.24     44.175      0.475 
      282       92      283       93      6841.75        33.20     -9999.00         0.00         0.00         0.00         0.00        57.03     44.225      4.725 
      286       92      286       93      6841.75        85.20     -9999.00         0.00         0.00        56.92       228.23       114.17     44.225      4.925 
      287       93      285       94      6843.74        87.50     -9999.00         0.00         0.00       341.39       113.76        57.04     44.175      4.975 
      202       94      202       93      6846.38        47.90     -9999.00         0.00         0.00       342.05      1082.12      1480.11     44.125      0.725 
      284       93      283       94      6843.74        36.00     -9999.00         0.00         0.00        56.83       113.76       284.68     44.175      4.825 
      281       93      282       94      6843.74        30.80     -9999.00         0.00         0.00         0.00         0.00      1138.42     44.175      4.675 
      210       94      209       94      6846.38        69.50     -9999.00         0.00         0.00       456.35       341.80       171.06     44.125      1.125 
      286       94      287       95      6846.38        36.80     -9999.00         0.00         0.00         0.00         0.00        57.18     44.125      4.925 
      286       94      286       95      6846.38        36.80     -9999.00         0.00         0.00       114.04       284.71        56.85     44.125      4.925 
      214       96      213       96      6849.94        75.90     -9999.00         0.00         0.00         0.00        57.29      1026.82     44.025      1.325 
      285       96      284       95      6849.94        19.70     -9999.00         0.00         0.00        56.98       170.96       911.72     44.025      4.875 
      211       96      209       96      6849.94        85.50     -9999.00         0.00         0.00       569.20       969.67      1654.15     44.025      1.175 
      213       97      214       96      6851.50        78.80     -9999.00         0.00         0.00       113.95       797.34      1025.69     43.975      1.275 
      214       97      213       97      6851.50        80.20     -9999.00         0.00         0.00         0.00         0.00       853.76     43.975      1.325 
      284       95      285       97      6847.50        19.20         1.58       170.85       741.53      1368.51       398.94       399.90     44.075      4.825 
      212       97      210       97      6851.50        91.00     -9999.00         0.00         0.00       629.07      1656.70       570.04     43.975      1.225 
      284       95      283       97      6847.50        19.20     -9999.00         0.00         0.00       912.37       170.99         0.00     44.075      4.825 
      285       98      284       98      6853.72        22.50     -9999.00         0.00         0.00         0.00       228.03       570.30     43.925      4.875 
      284       98      283       99      6853.72        16.00     -9999.00         0.00         0.00         0.00       114.14      1254.45     43.925      4.825 
      282       98      283       99      6853.72        14.80     -9999.00         0.00         0.00         0.00         0.00        57.13     43.925      4.725 
      284       99      283       99      6855.50        21.50     -9999.00         0.00      1027.42      1314.79      2169.84       970.27     43.875      4.825 
      286       99      286       98      6855.50        35.30     -9999.00         0.00         0.00         0.00         0.00        57.24     43.875      4.925 
      281       99      282       99      6855.50        12.10     -9999.00         0.00         0.00       399.95       742.96       914.16     43.875      4.675 
      278       99      277       99      6855.50        59.50     -9999.00         0.00         0.00         0.00         0.00       342.20     43.875      4.525 
      281       99      281      100      6855.50        12.10     -9999.00         0.00      1138.66      1025.91       398.89        57.03     43.875      4.675 
      212      100      213       99      6857.73        93.00     -9999.00         0.00         0.00         0.00         0.00      1712.80     43.825      1.225 
      281      100      282      100      6857.73         9.50     -9999.00         0.00       113.86       912.82      1483.88       171.23     43.825      4.675 
      283      100      282      100      6857.73        10.00     -9999.00         0.00         0.00       513.93       398.96       513.04     43.825      4.775 
      284      100      283      101      6857.73        14.10     -9999.00         0.00       456.97       683.18         0.00         0.00     43.825      4.825 
      284      100      284      101      6857.73        14.10     -9999.00         0.00       512.82       626.25       284.87         0.00     43.825      4.825 
      216      100      216       99      6857.73       117.80     -9999.00         0.00         0.00         0.00         0.00       113.86     43.825      1.425 
      214      100      213      101      6857.73       101.90     -9999.00         0.00         0.00       114.10       570.50       741.31     43.825      1.325 
      281      101      279      101      6859.31         5.30     -9999.00         0.00       856.49      2167.81       114.21        56.94     43.775      4.675 
      282      100      280      102      6857.73         5.70     -9999.00         0.00         0.00       171.40      1026.98       513.42     43.825      4.725 
      220      102      219      101      6860.89       109.00     -9999.00         0.00         0.00         0.00       170.96         0.00     43.725      1.625 
      280      101      279      101      6859.31         4.20     -9999.00         0.00       285.02      2683.09       570.64         0.00     43.775      4.625 
      272      101      273      102      6859.31        17.90     -9999.00         0.00         0.00         0.00         0.00        57.08     43.775      4.225 
      280      101      278      102      6859.31         4.20     -9999.00         0.00         0.00       228.51       399.83       171.00     43.775      4.625 
      272      101      272      102      6859.31        17.90     -9999.00         0.00         0.00         0.00         0.00        57.18     43.775      4.225 
      280      102      278      102      6860.89         2.70     -9999.00         0.00         0.00         0.00         0.00        57.08     43.725      4.625 
      282      102      282      103      6860.89         3.40     -9999.00         0.00         0.00         0.00         0.00       113.93     43.725      4.725 
      272      102      272      103      6860.89        14.20     -9999.00         0.00       342.59       742.48       399.56       627.86     43.725      4.225 
      272      102      271      103      6860.89        14.20     -9999.00         0.00       971.15       571.47       572.01       227.88     43.725      4.225 
      280      102      277      104      6860.89         2.70         0.50        56.98       171.81         0.00         0.00       456.92     43.725      4.625 
      271      102      271      103      6860.89        11.20     -9999.00         0.00      1769.32      1198.32         0.00       114.16     43.725      4.175 
      279      102      277      104      6860.89         1.70         0.50        57.08         0.00         0.00      1368.52      3430.44     43.725      4.575 
      277      104      277      102      6865.35         1.30     -9999.00         0.00         0.00         0.00       627.52      1485.77     43.625      4.475 
      277      104      277      103      6865.35         1.30     -9999.00         0.00         0.00       799.65      2400.24      1884.63     43.625      4.475 
      280      102      279      103      6860.89         2.70     -9999.00         0.00         0.00         0.00         0.00       171.49     43.725      4.625 
      279      103      280      103      6863.33         1.40     -9999.00         0.00         0.00         0.00         0.00       114.30     43.675      4.575 
      285      104      284      103      6865.35        22.90     -9999.00         0.00         0.00         0.00         0.00       513.45     43.625      4.875 
      277      104      276      103      6865.35         1.30     -9999.00         0.00      1142.13      2227.82      1599.97      1256.49     43.625      4.475 
      286      104      285      104      6865.35        35.00     -9999.00         0.00       570.12       400.73       286.30       228.65     43.625      4.925 
      285      104      284      104      6865.35        22.90     -9999.00         0.00         0.00       342.51       628.35       399.73     43.625      4.875 
      215      104      216      104      6865.35       123.80     -9999.00         0.00         0.00         0.00         0.00       171.21     43.625      1.375 
      272      104      273      104      6865.35         0.90     -9999.00         0.00         0.00       399.78       114.22        57.11     43.625      4.225 
      287      104      285      105      6865.35        50.90     -9999.00         0.00         0.00       228.86       400.73       228.87     43.625      4.975 
      280      105      280      104      6866.72         1.10     -9999.00         0.00         0.00         0.00      1600.70      2514.73     43.575      4.625 
      276      103      276      104      6863.33         0.90     -9999.00         0.00      1370.96      1655.76         0.00         0.00     43.675      4.425 
      277      104      276      104      6865.35         1.30         1.34       285.69      2057.03      3432.68       628.28         0.00     43.625      4.475 
      282      105      281      104      6866.72         1.00     -9999.00         0.00         0.00         0.00       171.69       514.86     43.575      4.725 
      276      105      276      104      6866.72         0.90     -9999.00         0.00      3428.22      3433.36       285.40         0.00     43.575      4.425 
      280      105      281      105      6866.72         1.10         0.50        57.12         0.00       228.19       285.42       971.32     43.575      4.625 
      282      105      281      105      6866.72         1.00     -9999.00         0.00         0.00         0.00       114.06      3433.36     43.575      4.725 
      285      105      283      106      6866.72        15.50     -9999.00         0.00         0.00       171.72       342.35       228.31     43.575      4.875 
      274      105      275      106      6866.72         0.70     -9999.00         0.00       171.39      2113.69         0.00         0.00     43.575      4.325 
      281      105      281      106      6866.72         0.90         2.14       285.67       629.18      3433.36      2343.16      2058.70     43.575      4.675 
      275      105      274      105      6866.72         0.90     -9999.00         0.00      2113.31       971.79         0.00         0.00     43.575      4.375 
      265      105      265      106      6866.72         1.30     -9999.00         0.00      1372.58       456.22        57.03       114.27     43.575      3.875 
      276      105      274      105      6866.72         0.90     -9999.00         0.00      1201.00      1199.59         0.00         0.00     43.575      4.425 
      281      105      283      106      6866.72         0.90     -9999.00         0.00         0.00         0.00         0.00       399.87     43.575      4.675 
      275      105      276      107      6866.72         0.90     -9999.00         0.00      2691.20       458.21         0.00         0.00     43.575      4.375 
      282      106      283      106      6869.62         0.90     -9999.00         0.00         0.00         0.00       628.72      1257.58     43.525      4.725 
      282      106      281      106      6869.62         0.90     -9999.00         0.00         0.00       114.51      1656.98       343.11     43.525      4.725 
      283      107      282      106      6871.20         1.10     -9999.00         0.00         0.00       858.22      1887.04      1600.44     43.475      4.775 
      284      107      286      106      6871.20         0.30     -9999.00         0.00         0.00      2231.90      1200.80       114.75     43.475      4.825 
      282      107      282      106      6871.20         1.00     -9999.00         0.00         0.00      1600.60      1829.25       171.69     43.475      4.725 
      218      107      219      107      6871.20       150.60     -9999.00         0.00         0.00         0.00       743.42      1545.32     43.475      1.525 
      283      107      283      108      6871.20         1.10     -9999.00         0.00      1659.98      2403.50        57.16         0.00     43.475      4.775 
      282      107      282      108      6871.20         1.00     -9999.00         0.00         0.00         0.00       457.94       858.86     43.475      4.725 
      285      108      286      108      6872.80         0.60     -9999.00         0.00         0.00         0.00       743.67      1029.63     43.425      4.875 
      282      106      283      108      6869.62         0.90     -9999.00         0.00         0.00         0.00         0.00       171.60     43.525      4.725 
      283      108      282      108      6872.80         0.30     -9999.00         0.00       399.92      3436.40      1316.91       458.03     43.425      4.775 
      219      108      218      107      6872.80       156.70     -9999.00         0.00         0.00       114.34        57.28       229.11     43.425      1.575 
      283      108      284      108      6872.80         0.30     -9999.00         0.00       858.60      3089.59       286.41         0.00     43.425      4.775 
      221      109      220      108      6874.61       162.60     -9999.00         0.00       285.89      1487.60      1315.30       458.07     43.375      1.675 
      212      108      213      107      6872.80       194.30     -9999.00         0.00         0.00       228.72       457.86       286.43     43.425      1.225 
      284      108      282      108      6872.80         0.00     -9999.00         0.00         0.00      3436.40      1487.73         0.00     43.425      4.825 
      284      109      284      108      6874.61         0.00     -9999.00         0.00         0.00       228.65      2174.70      1145.21     43.375      4.825 
      222      109      221      109      6874.61       172.90     -9999.00         0.00         0.00         0.00         0.00        57.51     43.375      1.725 
      256      109      255      109      6874.61         4.20     -9999.00         0.00      2117.23       686.81       228.50       228.49     43.375      3.425 
      256      110      255      109      6876.86         4.90     -9999.00         0.00         0.00       515.59       285.55       114.54     43.325      3.425 
      257      110      255      109      6876.86         1.80     -9999.00         0.00         0.00         0.00      1088.01       801.42     43.325      3.475 
      252      110      253      110      6876.86         6.70     -9999.00         0.00       114.43       229.31       629.47       228.97     43.325      3.225 
      253      110      253      111      6876.86         3.20     -9999.00         0.00         0.00         0.00         0.00       630.14     43.325      3.275 
      253      110      254      111      6876.86         3.20     -9999.00         0.00        57.22       685.93       171.43       228.97     43.325      3.275 
      255      111      254      111      6878.90         0.90     -9999.00         0.00       285.66       400.77      1145.47      1145.54     43.275      3.375 
      253      111      254      111      6878.90         3.10     -9999.00         0.00       743.74      1087.32      2518.24       630.18     43.275      3.275 
      250      112      251      111      6880.72         1.50     -9999.00         0.00       229.59      2001.49      1717.33       457.70     43.225      3.125 
      247      111      247      112      6878.90         7.70     -9999.00         0.00         0.00       172.49       860.04       972.58     43.275      2.975 
      251      112      251      111      6880.72         1.50     -9999.00         0.00         0.00       915.99      1834.08       286.85     43.225      3.175 
      208      112      208      113      6880.72       263.80     -9999.00         0.00         0.00         0.00         0.00       114.50     43.225      1.025 
      248      113      247      114      6882.55         1.30     -9999.00         0.00       286.49       915.79       457.79       286.61     43.175      3.025 
      248      113      248      115      6882.55         1.30     -9999.00         0.00       343.92       744.78         0.00         0.00     43.175      3.025 
      250      114      249      114      6884.37         0.00     -9999.00         0.00         0.00         0.00         0.00       229.24     43.125      3.125 
      249      116      248      116      6888.47         0.00     -9999.00         0.00         0.00         0.00       860.14       458.69     43.025      3.075 
      248      118      247      118      6892.36         0.00     -9999.00         0.00         0.00       286.51       572.71        57.24     42.925      3.025 
      248      121      248      120      6897.68         0.00     -9999.00         0.00         0.00         0.00      1779.09      2293.81     42.775      3.025 
      245      121      247      122      6897.68        16.90     -9999.00         0.00         0.00       344.43       229.28       630.56     42.775      2.875 
      246      122      247      122      6899.74        13.80     -9999.00         0.00         0.00         0.00       401.85       516.90     42.725      2.925 
      243      124      244      123      6903.45        60.10     -9999.00         0.00         0.00         0.00        57.43       172.30     42.625      2.775 
      242      124      243      124      6903.45        82.90     -9999.00         0.00         0.00         0.00       172.32        57.44     42.625      2.725 
      247      132      250      132      6918.59        13.20     -9999.00         0.00       750.10       402.92       517.88       288.00     42.225      2.975 
      248      133      250      133      6920.89         2.60     -9999.00         0.00         0.00       115.32      1209.89       462.10     42.175      3.025 
      248      133      249      133      6920.89         2.60     -9999.00         0.00         0.00         0.00         0.00        57.71     42.175      3.025 
      249      134      249      135      6922.35         1.40     -9999.00         0.00         0.00         0.00       288.15       576.73     42.125      3.075 
      248      135      249      135      6925.08        12.50     -9999.00         0.00         0.00         0.00         0.00       230.61     42.075      3.025 
      248      135      248      136      6925.08        12.50     -9999.00         0.00         0.00       691.99       518.90      1960.55     42.075      3.025 
      249      136      251      136      6926.11         5.90     -9999.00         0.00         0.00       287.74       518.05       345.62     42.025      3.075 
      251      136      250      136      6926.11         1.10     -9999.00         0.00         0.00       288.96       980.92       461.30     42.025      3.175 
      190      137      191      138      6928.42       300.50     -9999.00         0.00         0.00         0.00         0.00       173.72     41.975      0.125 
      206      141      205      142      6936.42       232.70     -9999.00         0.00       404.91       289.06       403.52       288.19     41.775      0.925 
      199      142      201      143      6938.33       208.20     -9999.00         0.00         0.00         0.00       115.36       346.48     41.725      0.575 
      205      144      202      143      6941.28       227.00     -9999.00         0.00       347.10      1386.37      1270.55       461.72     41.625      0.875 
      228      151      227      151      6954.89         1.60     -9999.00         0.00      1330.44      1447.39       868.76       985.08     41.275      2.025 
      201      162      201      161      6975.77         0.00     -9999.00         0.00       290.27      3487.88       754.69       581.03     40.725      0.675 
      202      161      203      161      6973.60         0.40     -9999.00         0.00      3366.84       580.37         0.00         0.00     40.775      0.725 
      202      161      201      162      6973.60         0.40     -9999.00         0.00         0.00       580.92       986.79       348.53     40.775      0.725 
      203      162      205      162      6975.77         0.30     -9999.00         0.00      3487.88       406.29         0.00         0.00     40.725      0.775 
      202      161      202      162      6973.60         0.40     -9999.00         0.00         0.00       813.29      1683.60        57.92     40.775      0.725 
      202      162      203      161      6975.77         0.00     -9999.00         0.00         0.00         0.00      1510.18       523.17     40.725      0.725 
      201      163      201      162      6977.08         0.30     -9999.00         0.00         0.00      1627.78       581.30         0.00     40.675      0.675 
      203      162      202      162      6975.77         0.30     -9999.00         0.00      1160.19       813.82       697.01         0.00     40.725      0.775 
      201      163      200      162      6977.08         0.30     -9999.00         0.00       406.60      2206.74        58.23         0.00     40.675      0.675 
      201      163      202      162      6977.08         0.30     -9999.00         0.00         0.00       116.26         0.00         0.00     40.675      0.675 
      199      163      199      162      6977.08         0.30     -9999.00         0.00         0.00       115.94       116.04       348.12     40.675      0.575 
      201      163      199      162      6977.08         0.30     -9999.00         0.00        58.23       581.40       639.01       290.32     40.675      0.675 
      200      163      199      162      6977.08         0.30     -9999.00         0.00         0.00      1567.50       581.13         0.00     40.675      0.625 
      196      166      198      167      6982.92        58.20     -9999.00         0.00         0.00         0.00        58.09       116.18     40.525      0.425 
      289       77      288       77      6813.14       183.70     -9999.00         0.00         0.00         0.00         0.00       113.33     44.975      5.075 
      297       97      296       98      6851.50       378.40     -9999.00         0.00         0.00         0.00        56.90         0.00     43.975      5.475 
      289       98      288       98      6853.72        55.30     -9999.00         0.00         0.00        57.12       399.27       455.86     43.925      5.075 
      290      101      289      100      6859.31        83.20     -9999.00         0.00         0.00         0.00         0.00       114.23     43.775      5.125 
      290      102      290      101      6860.89        85.00     -9999.00         0.00         0.00         0.00         0.00       228.25     43.725      5.125 
      292      102      291      101      6860.89       114.70     -9999.00         0.00         0.00         0.00        57.07       171.65     43.725      5.225 
      292      103      290      102      6863.33       118.10     -9999.00         0.00       513.82       228.32         0.00       114.38     43.675      5.225 
      288      102      289      103      6860.89        85.90     -9999.00         0.00         0.00         0.00        57.09       229.02     43.725      5.025 
      291      104      290      105      6865.35        82.50     -9999.00         0.00         0.00       114.01       171.01       171.01     43.625      5.175 
       82      177       79      176      7003.11       300.20     -9999.00         0.00       466.06       407.88       174.53       232.71     39.975     -5.275 
       81      178       79      178      7005.53       290.70     -9999.00         0.00       175.01       350.15       233.24       116.81     39.925     -5.325 
       78      179       76      177      7007.30       275.40     -9999.00         0.00        58.31       524.75       466.36       408.07     39.875     -5.475 
       27      188       26      188      7023.99        43.50     -9999.00         0.00       116.95         0.00         0.00         0.00     39.425     -8.025 
       17      190       15      190      7027.58        10.00     -9999.00         0.00         0.00         0.00         0.00      1520.40     39.325     -8.525 
       17      191       16      190      7029.38        10.00     -9999.00         0.00         0.00         0.00         0.00       351.00     39.275     -8.525 
       16      191       16      190      7029.38         8.30     -9999.00         0.00         0.00         0.00         0.00       292.79     39.275     -8.575 
       81      193       79      194      7032.99       338.80     -9999.00         0.00         0.00         0.00        58.59       234.27     39.175     -5.325 
       78      193       78      194      7032.99       299.50     -9999.00         0.00         0.00         0.00         0.00       527.07     39.175     -5.475 
       12      194       13      194      7035.03         1.80     -9999.00         0.00         0.00         0.00         0.00        58.61     39.125     -8.775 
       74      194       73      194      7035.03       270.80     -9999.00         0.00         0.00         0.00         0.00       292.72     39.125     -5.675 
       12      194       12      195      7035.03         1.80     -9999.00         0.00         0.00         0.00         0.00       643.84     39.125     -8.775 
       69      195       69      197      7037.03       251.70     -9999.00         0.00         0.00         0.00         0.00       410.09     39.075     -5.925 
       11      195       12      195      7037.03         1.50     -9999.00         0.00         0.00         0.00      1874.49      1932.18     39.075     -8.825 
       72      195       70      196      7037.03       253.80     -9999.00         0.00         0.00         0.00         0.00        58.65     39.075     -5.775 
       10      197       10      196      7040.65         1.80     -9999.00         0.00         0.00      1817.16      1464.54       702.81     38.975     -8.875 
       10      197        9      197      7040.65         1.80     -9999.00         0.00      2110.12      3046.18       234.47         0.00     38.975     -8.875 
       11      197       10      196      7040.65         1.40     -9999.00         0.00         0.00      1934.76       703.50         0.00     38.975     -8.825 
       10      198        9      197      7042.47         1.00     -9999.00         0.00         0.00       937.78      1934.30         0.00     38.925     -8.875 
       12      197       10      196      7040.65         1.40     -9999.00         0.00         0.00         0.00      1523.54      2636.19     38.975     -8.775 
       69      196       70      197      7038.84       244.00     -9999.00         0.00         0.00         0.00       585.52       292.56     39.025     -5.925 
       10      198        8      197      7042.47         1.00     -9999.00         0.00         0.00      2990.23       117.20         0.00     38.925     -8.875 
        9      198        8      197      7042.47         0.80     -9999.00         0.00       117.12      3521.23         0.00         0.00     38.925     -8.925 
       58      198       59      198      7042.47       197.50     -9999.00         0.00         0.00         0.00       175.83       527.51     38.925     -6.475 
        9      198        8      198      7042.47         0.80     -9999.00         0.00       175.84      2521.52         0.00         0.00     38.925     -8.925 
        9      198        8      199      7042.47         0.80     -9999.00         0.00      1348.82      2931.64         0.00         0.00     38.925     -8.925 
        8      199        8      198      7044.29         0.00     -9999.00         0.00         0.00      1524.36      1349.10         0.00     38.875     -8.975 
       52      199       51      199      7044.29       177.30     -9999.00         0.00         0.00         0.00        58.58       585.80     38.875     -6.775 
        8      200        8      199      7045.92         0.00     -9999.00         0.00         0.00       292.98      3522.96         0.00     38.825     -8.975 
        6      200        6      199      7045.92         0.00         1.10       293.10       176.11       762.53       879.97       117.30     38.825     -9.075 
        6      200        7      199      7045.92         0.00     -9999.00         0.00         0.00       176.13       703.44       117.30     38.825     -9.075 
        7      200        6      200      7045.92         0.00     -9999.00         0.00         0.00       117.31       821.49        58.59     38.825     -9.025 
        9      200       10      201      7045.92         1.20     -9999.00         0.00         0.00       469.47       468.38        58.72     38.825     -8.925 
       10      201        8      200      7047.93         0.00     -9999.00         0.00         0.00         0.00      1232.22       117.55     38.775     -8.875 
       30      201       29      200      7047.93       245.10     -9999.00         0.00         0.00         0.00         0.00       176.44     38.775     -7.875 
        8      202        9      201      7049.75         0.00         1.82      1466.99       117.29         0.00        58.74       117.29     38.725     -8.975 
       29      203       29      202      7051.58       244.40     -9999.00         0.00         0.00         0.00         0.00       117.07     38.675     -7.925 
        7      203        6      203      7051.58         0.00         1.55      1699.92       234.76       117.43        58.67       117.43     38.675     -9.025 
       90      177       91      177      7003.11       365.70     -9999.00         0.00         0.00         0.00         0.00       466.48     39.975     -4.875 
      113      178      112      177      7005.53       470.90     -9999.00         0.00         0.00       816.94      1631.43       641.48     39.925     -3.725 
      113      178      113      177      7005.53       470.90     -9999.00         0.00         0.00         0.00       291.39       524.80     39.925     -3.725 
      185      178      185      179      7005.53        20.70     -9999.00         0.00        58.21       291.88       175.25         0.00     39.925     -0.125 
      117      178      116      179      7005.53       710.00     -9999.00         0.00         0.00         0.00       174.95      1341.97     39.925     -3.525 
      134      179      135      179      7007.30       836.50     -9999.00         0.00         0.00         0.00       116.66       583.13     39.875     -2.675 
      123      183      122      183      7014.62       666.40     -9999.00         0.00         0.00         0.00         0.00       701.10     39.675     -3.225 
      116      183      115      183      7014.62       701.00     -9999.00         0.00         0.00         0.00         0.00       992.62     39.675     -3.575 
      116      183      117      183      7014.62       701.00     -9999.00         0.00         0.00         0.00         0.00      3384.94     39.675     -3.575 
      117      184      117      183      7016.63       700.30     -9999.00         0.00         0.00         0.00         0.00       934.14     39.625     -3.525 
      116      183      116      184      7014.62       701.00     -9999.00         0.00         0.00       175.05      3152.46      1635.69     39.675     -3.575 
      177      184      178      185      7016.63       124.00     -9999.00         0.00         0.00         0.00       117.05       117.05     39.625     -0.525 
      122      183      123      184      7014.62       666.40     -9999.00         0.00         0.00         0.00       292.42       116.83     39.675     -3.275 
      181      184      182      184      7016.63        14.80     -9999.00         0.00       233.59        58.53       175.16       291.92     39.625     -0.325 
      116      183      115      185      7014.62       701.00     -9999.00         0.00         0.00         0.00      2396.15         0.00     39.675     -3.575 
      117      184      115      185      7016.63       700.30     -9999.00         0.00         0.00         0.00       525.29       525.40     39.625     -3.525 
      117      184      117      185      7016.63       700.30     -9999.00         0.00       642.06      1050.85       175.59      1051.93     39.625     -3.525 
      127      185      126      185      7018.19       674.80     -9999.00         0.00         0.00       350.68       642.71       409.43     39.575     -3.025 
      179      185      179      186      7018.19        50.70     -9999.00         0.00         0.00         0.00        58.33       116.77     39.575     -0.425 
      130      185      130      187      7018.19       738.30     -9999.00         0.00         0.00         0.00         0.00       291.72     39.575     -2.875 
      112      187      111      187      7022.00       722.20     -9999.00         0.00         0.00         0.00         0.00        58.47     39.475     -3.775 
      176      187      179      187      7022.00        75.10     -9999.00         0.00         0.00         0.00         0.00       116.75     39.475     -0.575 
      175      188      177      188      7023.99        96.80     -9999.00         0.00         0.00         0.00         0.00       233.61     39.425     -0.625 
      116      189      115      188      7026.01       720.70     -9999.00         0.00         0.00         0.00        58.49       175.46     39.375     -3.575 
      141      190      141      189      7027.58       721.60     -9999.00         0.00         0.00         0.00        58.63       526.59     39.325     -2.325 
       99      189       99      190      7026.01       641.50     -9999.00         0.00         0.00        58.43        58.43        58.43     39.375     -4.425 
      130      190      128      191      7027.58       653.70     -9999.00         0.00       233.71       877.36       702.23       175.57     39.325     -2.875 
      128      191      127      190      7029.38       644.50     -9999.00         0.00         0.00         0.00       234.01      2106.59     39.275     -2.975 
      127      190      126      191      7027.58       641.60     -9999.00         0.00         0.00         0.00         0.00       585.22     39.325     -3.025 
      132      191      131      191      7029.38       673.80     -9999.00         0.00       234.05       351.14       233.74       292.82     39.275     -2.775 
      104      190      104      191      7027.58       683.30     -9999.00         0.00         0.00         0.00        58.43         0.00     39.325     -4.175 
      131      191      128      191      7029.38       665.20     -9999.00         0.00         0.00         0.00       526.04       527.03     39.275     -2.825 
      121      191      120      192      7029.38       625.60     -9999.00         0.00         0.00         0.00        58.35       994.79     39.275     -3.325 
      142      191      140      192      7029.38       714.80     -9999.00         0.00         0.00         0.00         0.00      1053.65     39.275     -2.275 
      135      192      134      191      7031.18       710.90     -9999.00         0.00         0.00         0.00         0.00        58.56     39.225     -2.625 
      178      191      179      192      7029.38        23.70     -9999.00         0.00       644.34       585.24       702.63       175.57     39.275     -0.475 
      137      192      136      191      7031.18       720.00     -9999.00         0.00         0.00       351.04       233.91        58.45     39.225     -2.525 
      129      192      127      191      7031.18       659.50     -9999.00         0.00         0.00         0.00         0.00       818.41     39.225     -2.925 
      140      193      142      191      7032.99       715.60     -9999.00         0.00         0.00         0.00       526.99       526.99     39.175     -2.375 
      181      192      182      192      7031.18         0.70     -9999.00         0.00         0.00         0.00       234.06       234.16     39.225     -0.325 
      132      193      131      192      7032.99       678.00     -9999.00         0.00         0.00         0.00        58.57       117.14     39.175     -2.775 
      131      192      130      191      7031.18       675.30     -9999.00         0.00         0.00         0.00         0.00       176.06     39.225     -2.825 
      125      192      124      192      7031.18       652.90     -9999.00         0.00         0.00         0.00         0.00      2282.92     39.225     -3.125 
      121      192      122      192      7031.18       646.50     -9999.00         0.00         0.00         0.00      3515.59       351.09     39.225     -3.325 
      178      192      180      192      7031.18        16.60     -9999.00         0.00        58.47       292.53        58.49        58.49     39.225     -0.475 
      114      192      113      192      7031.18       606.60     -9999.00         0.00         0.00       116.94       351.51        58.70     39.225     -3.675 
      182      193      183      192      7032.99         2.30     -9999.00         0.00        58.47      2048.03      1287.66      1286.83     39.175     -0.275 
      123      193      121      192      7032.99       648.20     -9999.00         0.00       234.11       761.61      1169.29      1287.63     39.175     -3.225 
      124      193      123      192      7032.99       652.50     -9999.00         0.00         0.00         0.00       468.64       292.48     39.175     -3.175 
      125      193      123      192      7032.99       654.70     -9999.00         0.00        58.37       703.62       117.35         0.00     39.175     -3.125 
      146      193      147      194      7032.99       702.90     -9999.00         0.00         0.00       351.38       702.51       585.60     39.175     -2.075 
      125      193      124      192      7032.99       654.70     -9999.00         0.00         0.00       117.35       819.38      1112.45     39.175     -3.125 
      183      192      183      193      7031.18         0.30     -9999.00         0.00         0.00         0.00       233.49       526.30     39.225     -0.225 
      133      194      132      192      7035.03       724.40     -9999.00         0.00       117.05       116.94        58.58        58.70     39.125     -2.725 
      121      193      121      192      7032.99       646.70     -9999.00         0.00       351.62      3516.49      2751.16      1520.41     39.175     -3.325 
      121      193      120      193      7032.99       646.70     -9999.00         0.00      1521.67       701.76         0.00         0.00     39.175     -3.325 
      177      194      178      193      7035.03        26.10     -9999.00         0.00         0.00       526.95      1581.17      1522.73     39.125     -0.525 
      120      194      120      193      7035.03       643.30     -9999.00         0.00         0.00         0.00      2107.45      2283.86     39.125     -3.375 
      142      194      143      193      7035.03       712.20     -9999.00         0.00         0.00       585.38       995.47       526.81     39.125     -2.275 
      120      193      119      194      7032.99       641.70     -9999.00         0.00         0.00         0.00      1228.18      1698.27     39.175     -3.375 
      178      194      178      193      7035.03        18.80     -9999.00         0.00         0.00       526.53      1347.25      2928.50     39.125     -0.475 
      122      193      121      194      7032.99       647.70     -9999.00         0.00         0.00         0.00       351.58      1171.65     39.175     -3.275 
      123      194      121      194      7035.03       653.30     -9999.00         0.00       468.21       937.23       877.79       760.75     39.125     -3.225 
      123      194      123      195      7035.03       653.30     -9999.00         0.00         0.00         0.00         0.00       409.57     39.125     -3.225 
      120      194      119      195      7035.03       643.30     -9999.00         0.00         0.00         0.00         0.00      1230.48     39.125     -3.375 
      150      195      151      195      7037.03       678.90     -9999.00         0.00         0.00         0.00         0.00       351.41     39.075     -1.875 
      121      195      120      195      7037.03       646.50     -9999.00         0.00         0.00      2226.99      2634.76       644.06     39.075     -3.325 
      120      195      120      194      7037.03       644.60     -9999.00         0.00         0.00         0.00         0.00      1054.33     39.075     -3.375 
      147      195      148      195      7037.03       682.60     -9999.00         0.00         0.00         0.00      2049.93      2694.45     39.075     -2.025 
      122      195      121      195      7037.03       650.20     -9999.00         0.00       468.82      1291.17       234.48         0.00     39.075     -3.275 
      122      196      122      195      7038.84       651.90     -9999.00         0.00       468.76       351.10       234.28        58.73     39.025     -3.275 
      144      196      145      195      7038.84       710.90     -9999.00         0.00      2519.00      2402.46      1112.95       116.95     39.025     -2.175 
      120      196      118      196      7038.84       645.40     -9999.00         0.00         0.00         0.00         0.00       117.15     39.025     -3.375 
      117      196      117      195      7038.84       637.00     -9999.00         0.00         0.00         0.00         0.00       234.23     39.025     -3.525 
      112      196      111      196      7038.84       612.90     -9999.00         0.00         0.00         0.00       293.39      1348.81     39.025     -3.775 
      116      197      115      195      7040.65       638.10     -9999.00         0.00         0.00       409.78       937.41       117.07     38.975     -3.575 
      116      197      117      196      7040.65       638.10     -9999.00         0.00         0.00         0.00       175.96      1816.88     38.975     -3.575 
      149      197      149      196      7040.65       676.60     -9999.00         0.00         0.00         0.00       293.10      2167.37     38.975     -1.925 
      148      196      149      196      7038.84       678.00     -9999.00         0.00         0.00         0.00         0.00      1230.72     39.025     -1.975 
      118      197      118      196      7040.65       647.90     -9999.00         0.00       938.22       878.34       351.56       878.82     38.975     -3.475 
      119      197      119      196      7040.65       651.40     -9999.00         0.00         0.00       644.85       468.26      1815.27     38.975     -3.425 
      119      197      118      196      7040.65       651.40     -9999.00         0.00       234.65       176.08         0.00         0.00     38.975     -3.425 
      118      197      116      196      7040.65       647.90     -9999.00         0.00         0.00       468.50      1113.09       644.34     38.975     -3.475 
      113      197      113      196      7040.65       618.70     -9999.00         0.00         0.00         0.00       117.31      1584.02     38.975     -3.725 
      109      197      108      197      7040.65       629.60     -9999.00         0.00         0.00         0.00         0.00       234.31     38.975     -3.925 
      117      198      116      197      7042.47       643.90     -9999.00         0.00         0.00       819.23       116.93         0.00     38.925     -3.525 
      117      198      117      197      7042.47       643.90     -9999.00         0.00         0.00         0.00       526.58      1288.29     38.925     -3.525 
      115      198      113      196      7042.47       638.10     -9999.00         0.00         0.00         0.00         0.00       586.66     38.925     -3.625 
      145      197      148      197      7040.65       706.10     -9999.00         0.00         0.00         0.00         0.00       117.55     38.975     -2.125 
      145      197      148      198      7040.65       706.10     -9999.00         0.00         0.00         0.00         0.00        58.56     38.975     -2.125 
      116      198      113      196      7042.47       641.10     -9999.00         0.00         0.00      1172.36      1525.44      1466.99     38.925     -3.575 
      117      198      116      198      7042.47       643.90     -9999.00         0.00       704.24       998.89       645.62      1289.96     38.925     -3.525 
      146      198      145      197      7042.47       709.00     -9999.00         0.00         0.00         0.00        58.57       469.30     38.925     -2.075 
      118      198      117      198      7042.47       652.60     -9999.00         0.00         0.00       411.01       585.93       351.99     38.925     -3.475 
      148      199      149      198      7044.29       690.10     -9999.00         0.00         0.00       351.87      1407.88       644.99     38.875     -1.975 
      149      199      148      199      7044.29       692.20     -9999.00         0.00         0.00         0.00      1406.78      1874.03     38.875     -1.925 
      151      199      149      198      7044.29       719.50     -9999.00         0.00        58.48        58.69       469.22       175.94     38.875     -1.825 
      144      200      145      197      7045.92       806.20     -9999.00         0.00        58.71       176.14        58.71        58.71     38.825     -2.175 
      123      200      123      199      7045.92       776.10     -9999.00         0.00         0.00         0.00        58.50        58.50     38.825     -3.225 
      188      177      187      177      7003.11         0.60     -9999.00         0.00       174.55       757.44       408.34       233.37     39.975      0.025 
      248      182      250      181      7013.29         3.90     -9999.00         0.00         0.00         0.00       291.93       116.84     39.725      3.025 
